date,time,db_id,C,Ch,Cl,Cm,dd,ff,h,N,P,P0,RH,T,Td,VV,ww
2009-01-01,00:00,3,,,7,,0,0,450,10,993.2,1012.9,83,-2.3,-4.5,,71
2009-01-01,06:00,3,,,7,2,290,1,450,4,987.7,1007.4,86,-3.7,-5.5,4,71
2009-01-01,09:00,3,,,7,,250,2,250,10,986,1005.7,87,-4.3,-5.9,4,71
2009-01-01,12:00,3,,,9,,220,2,250,10,984.2,1003.9,85,-3.9,-5.8,4,85
2009-01-01,15:00,3,,0,4,0,250,2,800,3,984.8,1004.5,65,-4.1,-9.1,,27
2009-01-01,18:00,3,,0,4,0,280,2,800,4,985.6,1005.5,72,-6.6,-10.3,,26
2009-01-01,21:00,3,,0,4,0,260,1,800,4,986.6,1006.6,79,-8.2,-10.9,,26
2009-01-02,00:00,3,,0,3,0,300,1,800,9,987.4,1007.4,82,-8.3,-10.6,,85
2009-01-02,06:00,3,,0,5,0,260,1,1250,9,989,1009.3,83,-11.2,-13.2,10,3
2009-01-02,09:00,3,,,,,290,2,3000,,989.6,1009.9,72,-10.9,-14.5,10,
2009-01-02,12:00,3,,0,5,3,270,1,800,3,988.9,1009.1,67,-10.1,-14.5,10,
2009-01-02,15:00,3,,,5,,280,2,800,10,989.3,1009.5,67,-10.2,-14.6,,
2009-01-02,18:00,3,,,5,1,280,1,800,8,989.3,1009.6,78,-10.9,-13.7,,71
2009-01-02,21:00,3,,0,5,0,280,1,800,8,989.4,1009.7,78,-11.2,-14,,22
2009-01-03,00:00,3,,,7,2,230,2,450,10,989.9,1010.3,83,-12.5,-14.5,,71
2009-01-03,06:00,3,,,5,,250,1,800,10,989.9,1010.4,83,-12.7,-14.7,10,2
2009-01-03,09:00,3,,,7,,190,1,450,10,990.1,1010.5,83,-12.4,-14.4,4,71
2009-01-03,12:00,3,,,7,,230,1,450,10,988.9,1009.2,78,-11.5,-14.3,4,71
2009-01-03,15:00,3,,0,5,0,250,2,800,9,988.5,1008.9,78,-12.5,-15.2,,2
2009-01-03,18:00,3,,,5,,220,1,800,10,987.3,1007.6,78,-11.8,-14.5,,71
2009-01-03,21:00,3,,,5,,240,1,800,10,986.5,1006.8,78,-12,-14.7,,2
2009-01-04,00:00,3,,,5,,220,1,800,10,985.9,1006.2,83,-11.8,-13.8,,2
2009-01-04,06:00,3,,,7,,350,1,450,10,986.5,1006.8,89,-12.1,-13.4,4,71
2009-01-04,09:00,3,,0,5,0,270,1,800,9,987.8,1008.2,83,-12.2,-14.2,10,22
2009-01-04,12:00,3,,0,5,0,0,0,800,3,988.1,1008.5,78,-12.1,-14.8,10,2
2009-01-04,15:00,3,,,,,250,1,3000,,988.9,1009.4,89,-13.9,-15.2,,10
2009-01-04,18:00,3,,0,5,0,0,0,800,1,989.6,1010.2,89,-14.8,-16.1,,10
2009-01-04,21:00,3,,0,5,0,0,0,800,9,990.7,1011.2,89,-13.5,-14.8,,22
2009-01-05,00:00,3,,0,5,3,0,0,800,3,991.1,1011.7,89,-14.7,-16,,10
2009-01-05,06:00,3,,,7,,0,0,450,10,993.2,1013.8,89,-13.3,-14.6,4,71
2009-01-05,09:00,3,,,5,,240,1,450,10,994.4,1015,78,-12.7,-15.4,10,22
2009-01-05,12:00,3,,0,5,0,310,1,800,9,994.8,1015.2,78,-11.4,-14.2,10,22
2009-01-05,18:00,3,,6,5,1,230,1,800,8,996.6,1017.1,83,-12.1,-14.1,,71
2009-01-05,21:00,3,,0,5,0,240,1,800,8,997.6,1018.3,83,-12.9,-14.9,,22
2009-01-06,00:00,3,,0,5,0,280,1,800,3,998.1,1018.8,83,-14.1,-16.1,,2
2009-01-06,06:00,3,,1,0,0,240,2,3000,0,997.3,1018,83,-14.7,-16.7,4,10
2009-01-06,09:00,3,,0,5,0,220,2,800,9,996.1,1016.7,83,-12.5,-14.5,4,10
2009-01-06,12:00,3,,0,5,0,210,2,800,6,993.6,1014,78,-10.9,-13.7,10,10
2009-01-06,15:00,3,,,5,,220,2,800,10,992.3,1012.6,84,-10,-12,,
2009-01-06,18:00,3,,,5,1,230,2,800,8,991,1011.1,81,-8.6,-11,,
2009-01-06,21:00,3,,,5,,210,3,800,10,989.9,1010,82,-8.1,-10.4,,71
2009-01-07,00:00,3,,,5,,220,3,800,10,988.7,1008.8,79,-8.2,-10.9,,36
2009-01-07,06:00,3,,,5,,220,3,800,10,986.8,1006.9,71,-8.8,-12.6,4,36
2009-01-07,09:00,3,,,5,,260,3,800,10,986.7,1006.8,64,-9.1,-14.1,10,36
2009-01-07,12:00,3,,,5,,200,3,800,10,987.2,1007.2,65,-8.6,-13.4,10,36
2009-01-07,15:00,3,,,5,,190,2,800,10,987.7,1007.9,66,-9.6,-14.2,,2
2009-01-07,18:00,3,,,5,,220,3,800,10,988.6,1008.9,62,-10.7,-16,,36
2009-01-07,21:00,3,,,5,,230,3,800,10,988.9,1009.2,67,-11.3,-15.7,,36
2009-01-08,00:00,3,,,5,,240,3,800,10,988.7,1003,72,-11,-14.6,,36
2009-01-08,06:00,3,,,5,,240,2,800,10,989.2,1009.6,73,-11.9,-15.4,10,22
2009-01-08,09:00,3,,,7,7,260,1,450,1,990.1,1010.5,78,-11.7,-14.4,10,71
2009-01-08,12:00,3,,,5,7,250,1,800,4,991.1,1011.4,73,-11.5,-15,10,71
2009-01-08,15:00,3,,,5,1,270,1,800,3,993.1,1013.7,83,-13,-15,,71
2009-01-08,18:00,3,,,,,0,0,3000,,994,1014.7,89,-14.4,-15.7,,10
2009-01-08,21:00,3,,,,,0,0,3000,,995,1015.8,88,-16.4,-17.7,,10
2009-01-09,00:00,3,,,,,0,0,3000,,994.6,1015.6,89,-18,-19.2,,10
2009-01-09,06:00,3,,,5,7,0,0,1250,3,990.4,1011,89,-15.4,-16.7,4,10
2009-01-09,09:00,3,,,0,7,210,1,3000,10,988,1008.4,83,-12.2,-14.2,4,71
2009-01-09,12:00,3,,0,5,0,200,1,1250,9,985.7,1005.9,78,-10.8,-13.6,4,71
2009-01-09,15:00,3,,,5,,210,1,800,10,984.6,1004.8,84,-10.3,-12.3,,71
2009-01-09,18:00,3,,,0,2,0,0,3000,10,984.2,1004.3,86,-9.7,-11.4,,71
2009-01-09,21:00,3,,,0,7,0,0,3000,10,985.4,1005.5,89,-10.2,-11.5,,71
2009-01-10,00:00,3,,0,5,0,340,2,1250,9,988,1008.4,88,-12.2,-13.6,,10
2009-01-10,06:00,3,,,7,,350,2,450,10,996.2,1016.6,83,-11.5,-13.5,4,71
2009-01-10,09:00,3,,0,5,0,350,2,800,10,999.5,1020.1,83,-12.3,-14.3,4,10
2009-01-10,12:00,3,,0,5,0,350,2,800,4,1002.1,1022.8,78,-13.5,-16.2,10,1
2009-01-10,15:00,3,,,,,360,1,3000,,1004.8,1025.8,78,-15.8,-18.5,,
2009-01-10,18:00,3,,,,,0,0,3000,,1006,1027.4,83,-18.5,-20.4,,10
2009-01-10,21:00,3,,,5,,0,0,800,10,1006.4,1027.5,89,-15.8,-17.1,,10
2009-01-11,00:00,3,,,5,,250,1,800,10,1006.2,1027.2,83,-13.8,-15.8,,10
2009-01-11,03:00,3,,,5,1,260,1,800,8,1003.6,1024.3,83,-11.9,-13.9,,10
2009-01-11,06:00,3,,,5,1,0,0,800,8,1001.8,1022.2,86,-9.7,-11.4,4,22
2009-01-11,09:00,3,,,7,2,260,1,450,8,1001,1021.2,83,-7.4,-9.5,4,71
2009-01-11,12:00,3,,,5,2,0,0,800,8,1000.1,1020.2,86,-5.7,-7.5,4,10
2009-01-11,15:00,3,,,7,,0,0,250,10,1000.1,1020.1,93,-4,-4.9,,24
2009-01-11,18:00,3,,,5,,250,1,800,10,999,1018.9,93,-2.5,-3.4,,71
2009-01-11,21:00,3,,,5,,270,1,800,10,997.7,1017.5,90,-1.1,-2.4,,10
2009-01-12,00:00,3,,,7,,270,1,450,10,996,1015.6,88,-0.3,-1.8,,10
2009-01-12,06:00,3,,,5,,270,2,450,10,994.1,1013.7,85,-0.7,-2.6,4,10
2009-01-12,09:00,3,,,7,2,230,3,450,10,992.3,1011.8,84,-0.3,-2.4,4,79
2009-01-12,12:00,3,,,7,2,260,2,450,10,991.3,1010.7,88,0,-1.8,4,61
2009-01-12,15:00,3,,,6,,260,2,450,10,991.9,1011.3,92,0.1,-1,,56
2009-01-12,18:00,3,,,5,,210,1,800,10,992,1011.4,90,0.8,-0.6,,10
2009-01-12,21:00,3,,0,5,3,230,2,800,5,991.6,1011,81,0.8,-2.1,,
2009-01-13,00:00,3,,0,5,3,280,2,800,3,991.4,1010.8,70,1.3,-3.6,,
2009-01-13,06:00,3,,,,,210,2,3000,,992.4,1011.9,62,-0.5,-6.1,10,
2009-01-13,09:00,3,,,,,220,2,3000,,992.8,1012.3,62,0.8,-5.7,10,
2009-01-13,12:00,3,,,,,230,3,3000,,992.8,1012.3,59,1.1,-6.1,10,
2009-01-13,15:00,3,,,,,230,2,3000,,993.1,1012.7,57,0.1,-7.5,,
2009-01-13,18:00,3,,,,,230,2,3000,,992.4,1012,51,-1,-8.9,,
2009-01-13,21:00,3,,,,,230,2,3000,,992.2,1011.8,56,-2,-8.7,,
2009-01-14,00:00,3,,0,5,0,240,3,1250,9,992.6,1012.4,59,-2.8,-9,,
2009-01-14,03:00,3,,0,5,0,260,3,1250,9,993.8,1013.6,63,-3.1,-8.5,,
2009-01-14,06:00,3,,,5,,260,2,800,10,995.4,1015.2,71,-3.5,-7.5,10,
2009-01-14,09:00,3,,,5,,260,1,800,10,996.3,1016.1,77,-1.9,-5,10,
2009-01-14,12:00,3,,,5,,250,1,800,10,997,1016.8,78,-1.1,-4,10,
2009-01-14,15:00,3,,,5,,260,1,800,10,997.6,1017.4,80,-1.1,-3.7,,
2009-01-14,18:00,3,,,5,,240,1,800,10,997.9,1017.6,86,-0.8,-2.6,,22
2009-01-14,21:00,3,,,7,,230,1,450,10,998.5,1018.2,88,-0.5,-2,,10
2009-01-15,00:00,3,,,7,,240,1,450,10,998.6,1018.3,88,-0.4,-1.9,,10
2009-01-15,06:00,3,,,5,,220,1,800,10,997.9,1017.7,85,-1.2,-3.2,4,10
2009-01-15,09:00,3,,,5,,160,1,800,10,997.1,1016.8,80,-1.3,-3.9,10,
2009-01-15,12:00,3,,,5,,210,1,800,10,996.1,1015.8,71,-1.7,-5.8,10,
2009-01-15,15:00,3,,,7,2,0,0,450,10,994.8,1014.6,87,-2.9,-4.6,,73
2009-01-15,18:00,3,,,7,2,0,0,450,10,993.3,1013.1,90,-2.9,-4.2,,73
2009-01-15,21:00,3,,,7,,0,0,450,10,992.1,1011.8,91,-3.5,-4.6,,10
2009-01-16,00:00,3,,,7,,0,0,450,10,991.7,1011.4,91,-3.3,-4.4,,10
2009-01-16,06:00,3,,,7,2,0,0,450,10,992.6,1012.4,92,-2.9,-3.9,2,73
2009-01-16,09:00,3,,,7,2,0,0,450,10,993.5,1013.2,89,-1.8,-3.2,4,71
2009-01-16,12:00,3,,,7,2,0,0,450,10,995.1,1014.8,87,-1.1,-2.7,4,71
2009-01-16,15:00,3,,,9,,0,0,450,10,996.9,1016.6,91,-1.9,-3,,85
2009-01-16,18:00,3,,,7,,30,1,450,10,998.7,1018.5,92,-1.2,-2.2,,10
2009-01-16,21:00,3,,,9,,60,2,450,10,1001.2,1021,90,-1,-2.3,,85
2009-01-17,00:00,3,,,9,,70,1,450,10,1003.4,1023.3,91,-1.5,-2.6,,85
2009-01-17,06:00,3,,,7,,70,2,450,10,1005.9,1025.8,89,-1.7,-3.1,4,10
2009-01-17,09:00,3,,,7,,90,3,450,10,1006.9,1026.8,87,-1.7,-3.4,4,10
2009-01-17,12:00,3,,,7,,90,3,450,10,1007.1,1027,84,-1.7,-3.8,4,10
2009-01-17,15:00,3,,,5,,100,3,800,10,1007,1026.9,82,-1.9,-4.3,,36
2009-01-17,18:00,3,,,5,,100,3,800,10,1007.1,1027.1,80,-2.4,-5,,36
2009-01-17,21:00,3,,,5,,90,2,800,10,1006.5,1026.5,82,-3,-5.4,,2
2009-01-18,00:00,3,,,6,,100,2,250,10,1005.6,1025.6,83,-3.7,-5.9,,2
2009-01-18,06:00,3,,,6,,100,2,250,10,1003.6,1023.8,89,-4.8,-6.1,4,77
2009-01-18,09:00,3,,,7,2,110,2,250,10,1002.5,1022.6,89,-4.6,-5.9,4,71
2009-01-18,12:00,3,,,5,,130,2,800,10,1000.2,1020.2,84,-4.4,-6.4,4,22
2009-01-18,15:00,3,,,5,,110,2,800,10,998.8,1018.9,86,-5,-6.7,,10
2009-01-18,18:00,3,,,7,,110,2,450,10,997.2,1017.3,85,-6,-7.9,,10
2009-01-18,21:00,3,,,7,,110,1,250,10,995.9,1016.1,87,-6.7,-8.3,,10
2009-01-19,00:00,3,,,7,,90,1,250,10,994.4,1014.5,89,-7,-8.3,,22
2009-01-19,06:00,3,,,5,,60,1,800,10,993.1,1013.3,92,-8.3,-9.3,4,71
2009-01-19,09:00,3,,,7,2,110,1,450,10,992.5,1012.5,88,-6.1,-7.6,4,71
2009-01-19,12:00,3,,,5,2,0,0,800,8,991.7,1011.6,83,-5.2,-7.3,4,71
2009-01-19,15:00,3,,,7,2,130,1,450,10,992,1011.9,89,-5.4,-6.8,,71
2009-01-19,18:00,3,,,5,2,120,1,800,8,992.7,1012.6,84,-4.6,-6.6,,71
2009-01-19,21:00,3,,,5,,110,1,800,10,993.4,1013.4,83,-5.1,-7.2,,10
2009-01-20,00:00,3,,,5,,0,0,800,10,994.2,1014.2,89,-5.7,-7.1,,10
2009-01-20,06:00,3,,,5,2,0,0,800,8,995.8,1015.8,91,-5.7,-6.8,4,71
2009-01-20,09:00,3,,,5,,0,0,450,10,997.4,1017.4,86,-5.2,-6.9,4,10
2009-01-20,12:00,3,,,9,,0,0,450,10,998.7,1018.7,84,-4.7,-6.7,4,85
2009-01-20,15:00,3,,,5,,60,1,800,10,999.8,1019.9,86,-5.3,-7.1,,26
2009-01-20,18:00,3,,0,5,0,120,1,800,9,1000.9,1021,86,-5.8,-7.6,,10
2009-01-20,21:00,3,,1,5,0,0,0,800,3,1003,1023.3,86,-7.1,-8.8,,10
2009-01-21,00:00,3,,,,,0,0,3000,,1003.9,1024.4,94,-9.5,-10.2,,10
2009-01-21,03:00,3,,0,5,0,0,0,800,9,1004.9,1025.3,92,-7.8,-8.8,,10
2009-01-21,06:00,3,,0,5,3,150,1,800,4,1005.9,1026.3,88,-7.8,-9.2,4,10
2009-01-21,09:00,3,,1,0,0,130,2,3000,0,1006.8,1027,80,-5.7,-8.3,10,
2009-01-21,12:00,3,,6,5,0,150,2,1250,3,1006.2,1026.4,79,-4.7,-7.5,10,
2009-01-21,15:00,3,,,7,2,150,2,450,10,1005.8,1026,86,-5.4,-7.2,,73
2009-01-21,18:00,3,,,7,2,140,2,450,10,1005.1,1025.2,89,-4.6,-5.9,,73
2009-01-21,21:00,3,,,7,2,170,2,450,10,1004.5,1024.6,90,-4.3,-5.5,,66
2009-01-22,00:00,3,,,7,,180,1,450,10,1004.5,1024.5,89,-3.3,-4.7,,10
2009-01-22,06:00,3,,,5,,170,1,800,10,1003.8,1023.7,85,-1.6,-3.6,4,10
2009-01-22,09:00,3,,0,5,0,170,1,800,8,1002.5,1022.4,82,-1.4,-3.7,4,10
2009-01-22,12:00,3,,,5,,180,3,800,10,1000.2,1019.9,81,-0.8,-3.3,10,
2009-01-22,15:00,3,,,5,1,160,3,800,8,998.1,1017.8,84,-0.6,-2.7,,71
2009-01-22,18:00,3,,,7,2,190,2,450,10,996.7,1016.3,88,0.2,-1.5,,61
2009-01-22,21:00,3,,,7,,160,2,450,10,995.4,1014.9,92,0.8,-0.3,,21
2009-01-23,00:00,3,,,7,,170,2,450,10,994.1,1013.5,92,1,-0.1,,10
2009-01-23,06:00,3,,,5,,180,3,800,10,990.3,1009.8,88,1,-0.7,4,10
2009-01-23,09:00,3,,,5,,160,2,800,10,989.4,1008.8,86,1.3,-0.7,4,21
2009-01-23,12:00,3,,,7,,220,1,450,10,988.7,1008.1,88,0.9,-0.8,4,61
2009-01-23,15:00,3,,,7,,230,2,450,10,988.9,1008.3,90,0.3,-1.1,,10
2009-01-23,18:00,3,,,6,,160,1,250,10,989,1008.4,92,0.1,-1,,10
2009-01-23,21:00,3,,,6,,170,1,250,10,988.7,1008.2,89,-0.1,-1.5,,10
2009-01-24,00:00,3,,,6,,140,1,450,10,988.6,1008.1,88,-0.7,-2.2,,10
2009-01-24,06:00,3,,,6,,150,2,450,10,988,1007.6,85,-2.3,-4.2,4,10
2009-01-24,09:00,3,,,7,,150,3,450,10,988.3,1008,85,-2.7,-4.6,4,10
2009-01-24,12:00,3,,,5,,150,2,450,10,987.2,1006.8,83,-2.5,-4.7,4,10
2009-01-24,15:00,3,,,6,,140,2,450,10,987.8,1007.4,88,-2.3,-3.8,,10
2009-01-24,18:00,3,,,6,,160,2,250,10,988.1,1007.7,91,-1.7,-2.8,,10
2009-01-24,21:00,3,,,6,,140,2,250,10,989.1,1008.6,92,-0.8,-1.8,,10
2009-01-25,00:00,3,,,6,,0,0,250,10,988.9,1008.4,97,-0.6,-1,,10
2009-01-25,03:00,3,,,6,,130,2,250,10,989.8,1009.3,98,-0.2,-0.5,,10
2009-01-25,06:00,3,,,6,,120,1,150,10,990.3,1009.7,98,0,-0.3,1,10
2009-01-25,09:00,3,,,6,,140,2,150,10,991.8,1011.2,98,0.3,0,1,10
2009-01-25,12:00,3,,,6,,140,2,150,10,991.9,1011.3,98,0.2,-0.1,1,10
2009-01-25,15:00,3,,,6,,130,1,150,10,992.8,1012.2,98,0.2,-0.1,,10
2009-01-25,18:00,3,,,6,,100,2,150,10,993.1,1012.6,98,0.2,-0.1,,10
2009-01-25,21:00,3,,,6,,110,2,250,10,993.6,1013.1,94,0.4,-0.5,,10
2009-01-26,00:00,3,,,6,,140,1,150,10,993.5,1013,92,0.2,-0.9,,10
2009-01-26,03:00,3,,,6,,150,2,250,10,993.6,1013.1,90,0.5,-0.9,,10
2009-01-26,06:00,3,,,6,,170,2,250,10,994.6,1014.1,88,0.5,-1.2,4,10
2009-01-26,09:00,3,,,6,,140,1,250,10,994.5,1014,88,0.2,-1.5,4,10
2009-01-26,12:00,3,,,6,,150,2,250,10,995,1014.6,87,-1.1,-2.7,4,10
2009-01-26,15:00,3,,,6,,130,2,250,10,995.5,1015.3,88,-2.2,-3.7,,10
2009-01-26,18:00,3,,,6,,120,2,250,10,996.6,1016.6,87,-4.2,-5.8,,10
2009-01-26,21:00,3,,,6,,120,1,250,10,997.1,1017.1,89,-4.8,-6.1,,10
2009-01-27,00:00,3,,,6,,130,1,250,10,997.1,1017.1,90,-4.3,-5.5,,10
2009-01-27,03:00,3,,,6,,130,1,250,10,996.9,1016.8,91,-3.7,-4.8,,10
2009-01-27,06:00,3,,,7,,130,1,250,10,997.6,1017.5,92,-2.8,-3.8,2,66
2009-01-27,09:00,3,,,7,,0,0,250,10,998.1,1017.9,91,-1.5,-2.6,2,66
2009-01-27,12:00,3,,,7,,0,0,250,10,997.9,1017.6,91,-0.5,-1.7,4,24
2009-01-27,15:00,3,,,6,,0,0,250,10,998.6,1018.3,91,-0.4,-1.6,,10
2009-01-27,18:00,3,,,6,,0,0,250,10,998.9,1018.6,93,-0.4,-1.3,,10
2009-01-27,21:00,3,,,6,,0,0,250,10,999.3,1019,93,-0.6,-1.5,,10
2009-01-28,00:00,3,,,6,,0,0,250,10,999.6,1019.3,95,-0.6,-1.2,,10
2009-01-28,03:00,3,,,6,,0,0,250,10,999.2,1018.9,95,-0.4,-1,,10
2009-01-28,06:00,3,,,7,,0,0,250,10,999.2,1018.8,96,0.1,-0.4,2,71
2009-01-28,09:00,3,,,9,,0,0,450,10,999.2,1018.8,96,0.7,0.1,2,85
2009-01-28,12:00,3,,,7,,130,1,250,10,998.4,1018,96,0.4,-0.2,2,26
2009-01-28,15:00,3,,,6,,130,1,150,10,998.2,1017.8,96,0.1,-0.5,,10
2009-01-28,18:00,3,,,7,,150,1,450,10,997.5,1017.1,94,0.1,-0.8,,10
2009-01-28,21:00,3,,,7,,120,1,250,10,996.3,1015.9,93,-0.2,-1.1,,26
2009-01-29,00:00,3,,,7,2,150,1,250,10,995.4,1014.9,95,-0.1,-0.7,,73
2009-01-29,06:00,3,,,7,,210,1,450,10,993.6,1013.1,98,0.4,0.1,2,22
2009-01-29,09:00,3,,0,7,0,230,1,450,9,993.8,1013.3,90,0.9,-0.5,4,10
2009-01-29,12:00,3,,,7,,230,2,450,10,993.3,1012.8,90,0.9,-0.5,4,10
2009-01-29,15:00,3,,,9,,0,0,250,10,993.6,1013.1,96,0.2,-0.4,,86
2009-01-29,18:00,3,,0,7,0,320,1,450,9,994.3,1013.9,87,-0.9,-2.5,,10
2009-01-29,21:00,3,,,5,,340,3,450,10,995.4,1015.1,85,-1.5,-3.5,,10
2009-01-30,00:00,3,,,5,,350,2,800,10,996.5,1016.2,82,-1.7,-4.1,,
2009-01-30,06:00,3,,,7,,350,3,800,10,998.2,1018.1,87,-2.5,-4.1,4,10
2009-01-30,09:00,3,,,5,,330,2,450,10,999.1,1019,87,-3.4,-5.1,4,10
2009-01-30,12:00,3,,,5,,360,2,450,10,999.6,1019.5,86,-3.7,-5.5,4,10
2009-01-30,15:00,3,,,3,,360,2,450,10,999.9,1019.9,87,-4.6,-6.2,,85
2009-01-30,18:00,3,,,5,1,360,2,800,8,1001.1,1021.3,85,-6.4,-8.3,,71
2009-01-30,21:00,3,,,7,2,330,2,450,10,1002.5,1022.9,84,-8.6,-10.5,,71
2009-01-31,00:00,3,,,7,2,350,1,450,10,1003.1,1023.7,83,-10.8,-12.8,,71
2009-01-31,06:00,3,,,5,1,350,2,800,8,1005.8,1026.8,83,-14.3,-16.3,4,71
2009-01-31,09:00,3,,,,,30,1,3000,,1006.9,1027.9,73,-14.7,-18.1,10,2
2009-01-31,12:00,3,,,,,340,1,3000,,1007.2,1028,78,-13.6,-16.3,10,2
2009-01-31,15:00,3,,0,0,3,350,1,3000,6,1008.8,1029.9,73,-15.4,-18.8,,
2009-01-31,18:00,3,,,,,10,1,3000,,1009.8,1031,72,-17.2,-20.6,,
2009-01-31,21:00,3,,0,0,3,320,1,3000,4,1010.4,1031.8,78,-18.6,-21.2,,
2009-02-01,00:00,3,,,,,0,0,3000,,1010.6,1032.1,78,-19.7,-22.3,,
2009-02-01,03:00,3,,,,,0,0,3000,,1010.8,1032.4,78,-20.7,-23.2,,
2009-02-01,06:00,3,,,,,0,0,3000,,1010.9,1032.6,77,-22.1,-24.7,10,
2009-02-01,09:00,3,,0,5,0,350,1,800,1,1011.2,1032.6,73,-18.8,-22.1,10,
2009-02-01,12:00,3,,0,5,0,10,1,800,1,1010.7,1031.9,67,-16.9,-21.1,10,
2009-02-01,18:00,3,,,,,10,1,3000,,1010.9,1032.3,73,-19.4,-22.7,,
2009-02-01,21:00,3,,1,0,0,0,0,3000,0,1010.8,1032.3,78,-20.4,-22.9,,
2009-02-02,00:00,3,,,,,0,0,3000,,1010.8,1032.4,78,-21.3,-23.8,,
2009-02-02,03:00,3,,0,0,3,0,0,3000,4,1010.2,1031.6,83,-19.2,-21.1,,
2009-02-02,06:00,3,,0,5,0,0,0,800,4,1010.2,1031.7,78,-20.3,-22.8,10,
2009-02-02,09:00,3,,1,0,0,230,1,3000,0,1010.1,1031.3,62,-16,-21.1,10,
2009-02-02,12:00,3,,7,0,0,280,1,3000,0,1008.5,1029.4,62,-13,-18.2,10,
2009-02-02,15:00,3,,,,,250,1,3000,,1007.8,1028.8,72,-14.2,-17.7,,
2009-02-02,18:00,3,,,0,1,260,1,3000,10,1007.5,1028.4,72,-13.1,-16.6,,
2009-02-02,21:00,3,,,,,240,1,3000,,1006.9,1027.8,72,-13.9,-17.4,,
2009-02-03,00:00,3,,0,5,0,260,1,800,8,1006.4,1027.2,78,-13.7,-16.4,,71
2009-02-03,06:00,3,,,,,250,1,3000,,1005.1,1025.8,89,-12.3,-13.6,4,10
2009-02-03,09:00,3,,,,,260,1,3000,,1004.9,1025.3,75,-8.7,-11.9,10,10
2009-02-03,12:00,3,,,,,270,2,3000,,1004.1,1024.4,72,-7.1,-10.9,10,
2009-02-03,15:00,3,,,,,280,1,3000,,1004,1024.4,78,-8.6,-11.4,,
2009-02-03,18:00,3,,,,,260,1,3000,,1003.8,1024.4,78,-10.2,-13,,
2009-02-03,21:00,3,,,,,270,2,3000,,1003.3,1024,78,-11.7,-14.4,,
2009-02-04,00:00,3,,,,,250,1,3000,,1002,1022.7,83,-13,-15,,
2009-02-04,03:00,3,,,,,240,1,3000,,999.8,1020.5,83,-13.1,-15.1,,
2009-02-04,06:00,3,,,,,250,1,3000,,997.7,1018.4,89,-13.2,-14.5,4,10
2009-02-04,09:00,3,,0,5,0,120,1,800,8,994.5,1014.7,75,-8,-11.2,10,
2009-02-04,12:00,3,,,5,,130,1,800,10,990.8,1010.9,75,-8.1,-11.3,4,71
2009-02-04,15:00,3,,,7,2,90,2,450,10,986.9,1006.8,88,-7.7,-9.1,,73
2009-02-04,18:00,3,,,7,2,140,1,450,10,984.3,1004.1,90,-6.2,-7.4,,71
2009-02-04,21:00,3,,,5,,280,1,800,10,984.5,1004.3,86,-4.9,-6.6,,10
2009-02-05,00:00,3,,,5,,300,1,800,10,985.1,1005,85,-6.4,-8.3,,10
2009-02-05,06:00,3,,1,0,3,0,0,3000,4,987.4,1007.6,89,-10.8,-12.1,4,10
2009-02-05,09:00,3,,1,0,0,0,0,3000,0,988.8,1009,80,-9.2,-11.7,10,
2009-02-05,12:00,3,,1,0,0,10,1,3000,0,988.6,1008.6,75,-7,-10.3,10,
2009-02-05,15:00,3,,,,,0,0,3000,,989.6,1009.8,81,-8.9,-11.3,,
2009-02-05,18:00,3,,,,,0,0,3000,,990.6,1011,89,-12.1,-13.4,,10
2009-02-05,21:00,3,,0,5,0,90,1,800,3,991.1,1011.4,89,-10.4,-11.7,,10
2009-02-06,00:00,3,,,,,0,0,3000,,991.5,1012.1,89,-14.5,-15.8,,10
2009-02-06,03:00,3,,,7,,0,0,450,10,991.4,1011.9,89,-13.8,-15.1,,10
2009-02-06,06:00,3,,,7,,0,0,450,10,992,1012.4,89,-12.2,-13.5,4,71
2009-02-06,09:00,3,,,5,,110,2,800,10,991.9,1012.2,83,-11.4,-13.4,4,10
2009-02-06,12:00,3,,,5,,130,1,800,10,991.6,1011.9,78,-10.4,-13.2,4,71
2009-02-06,15:00,3,,,5,,120,1,800,10,991.6,1011.8,82,-10,-12.2,,2
2009-02-06,18:00,3,,,5,,100,1,450,10,991.9,1012.1,83,-9.7,-11.8,,71
2009-02-06,21:00,3,,,5,2,0,0,1250,6,991.3,1011.5,84,-8.8,-10.7,,71
2009-02-07,00:00,3,,,5,2,0,0,1250,6,991.3,1011.5,84,-8.8,-10.7,,71
2009-02-07,06:00,3,,,0,2,0,0,3000,10,990.6,1010.7,85,-8.1,-9.9,4,22
2009-02-07,09:00,3,,,5,,140,1,800,10,990.7,1010.7,87,-6.6,-8.2,4,22
2009-02-07,12:00,3,,,5,,140,1,450,10,990.3,1010.1,84,-4.8,-6.8,4,10
2009-02-07,15:00,3,,,5,,130,1,450,10,990.8,1010.6,84,-4.6,-6.6,,10
2009-02-07,18:00,3,,,7,,130,1,450,10,991,1010.8,87,-4.5,-6.1,,10
2009-02-07,21:00,3,,,7,,130,1,250,10,990.6,1010.3,88,-3.7,-5.2,,10
2009-02-08,00:00,3,,,6,,140,1,250,10,990.3,1009.9,92,-2.8,-3.8,,10
2009-02-08,03:00,3,,,,,150,1,,,989.7,1009.2,100,-0.8,-0.8,,46
2009-02-08,06:00,3,,,6,,160,1,150,10,989.3,1009.3,97,0.8,0.4,1,10
2009-02-08,09:00,3,,,6,,160,1,250,10,990.7,1010.1,94,1.3,0.5,4,10
2009-02-08,12:00,3,,,6,,140,1,250,10,990.7,1010,91,2,0.7,4,10
2009-02-08,15:00,3,,,6,,210,1,250,10,991.6,1010.9,92,1.6,0.5,,10
2009-02-08,18:00,3,,,6,,130,1,250,10,991.8,1011.2,94,1.3,0.5,,10
2009-02-08,21:00,3,,,6,,140,2,250,10,991.7,1011.1,96,1.2,0.7,,10
2009-02-09,00:00,3,,,7,,180,2,250,10,991.3,1010.6,96,2.2,1.7,,10
2009-02-09,06:00,3,,,6,,140,2,250,10,991.1,1010.5,90,1.1,-0.3,4,10
2009-02-09,09:00,3,,,6,,120,2,250,10,991.1,1010.5,94,0.7,-0.1,2,10
2009-02-09,12:00,3,,,6,,160,3,250,10,990.5,1009.9,92,1.3,0.2,2,10
2009-02-09,15:00,3,,,6,,120,2,250,10,989.8,1009.2,90,0.7,-0.7,,10
2009-02-09,18:00,3,,,6,,160,3,250,10,988.5,1007.9,92,0.6,-0.5,,10
2009-02-09,21:00,3,,,9,,120,2,450,10,987.5,1006.9,92,0.1,-1,,85
2009-02-10,00:00,3,,,9,,160,2,450,10,986.9,1006.3,86,-0.3,-2.1,,87
2009-02-10,06:00,3,,,6,,160,2,250,10,986.6,1006,95,-0.3,-0.9,1,10
2009-02-10,09:00,3,,,7,,140,3,250,10,986.8,1006.1,96,0.2,-0.4,2,10
2009-02-10,12:00,3,,,7,,140,3,250,10,986.7,1006,94,0.1,-0.8,4,10
2009-02-10,15:00,3,,,7,,160,3,250,10,987.3,1006.7,93,-0.1,-1,,10
2009-02-10,18:00,3,,,6,,160,2,250,10,987.6,1007.1,88,-0.1,-1.6,,10
2009-02-10,21:00,3,,,7,,150,2,250,10,987.5,1007,91,-0.5,-1.7,,22
2009-02-11,00:00,3,,,3,,130,1,250,10,987.5,1007.1,89,-1.3,-2.7,,86
2009-02-11,06:00,3,,,3,,160,1,250,10,988.7,1008.4,87,-2.6,-4.2,4,85
2009-02-11,09:00,3,,,7,,160,2,450,10,989.4,1009.1,88,-2.1,-3.6,4,10
2009-02-11,12:00,3,,,7,,130,1,450,10,990.3,1009.9,84,-1.8,-3.9,4,10
2009-02-11,15:00,3,,,7,,130,1,450,10,991.1,1010.8,86,-2.1,-3.9,,10
2009-02-11,18:00,3,,,7,,120,1,450,10,991.7,1011.4,86,-2.1,-3.9,,10
2009-02-11,21:00,3,,,7,,130,1,450,10,992,1011.7,86,-2,-3.8,,10
2009-02-12,00:00,3,,,7,,130,1,450,10,992.7,1012.4,86,-1.9,-3.7,,10
2009-02-12,03:00,3,,,7,,130,1,450,10,993.2,1012.9,86,-1.9,-3.7,,10
2009-02-12,06:00,3,,,7,,140,1,450,10,993.6,1013.3,87,-1.7,-3.4,4,10
2009-02-12,09:00,3,,,7,,150,1,450,10,994.5,1014.1,82,-0.4,-2.8,4,10
2009-02-12,12:00,3,,,5,,130,1,800,10,995.1,1014.6,82,0.7,-2,10,
2009-02-12,15:00,3,,,5,,110,1,800,10,995.7,1015.2,83,0.1,-2.5,,
2009-02-12,18:00,3,,,4,,130,1,450,10,996.3,1015.9,86,-0.5,-2.3,,85
2009-02-12,21:00,3,,,4,,150,1,450,10,996.4,1016,88,-0.8,-2.4,,85
2009-02-13,00:00,3,,,6,,110,1,250,10,996.1,1015.8,92,-1.1,-2.1,,10
2009-02-13,06:00,3,,,6,,100,1,450,10,996,1015.6,90,-0.7,-2,4,10
2009-02-13,09:00,3,,,5,,0,0,450,10,996.3,1015.9,88,-0.5,-2,4,10
2009-02-13,12:00,3,,,5,,80,1,800,10,995.8,1015.3,86,0.1,-2,4,10
2009-02-13,15:00,3,,,5,,130,1,800,10,995.9,1015.5,84,-0.1,-2.2,,10
2009-02-13,18:00,3,,,7,,120,2,450,10,995.5,1015.1,86,-0.4,-2.2,,10
2009-02-13,21:00,3,,,6,,120,2,450,10,995.1,1014.7,88,-0.5,-2,,10
2009-02-14,00:00,3,,,9,,120,2,450,10,994.9,1014.5,90,-0.9,-2.2,,85
2009-02-14,06:00,3,,,7,,110,2,450,10,993,1012.7,89,-1.3,-2.7,4,26
2009-02-14,09:00,3,,,9,,100,1,250,10,992.6,1012.3,93,-1.4,-2.3,0.5,86
2009-02-14,12:00,3,,,9,,110,1,250,10,991.2,1010.7,93,-0.7,-1.6,2,85
2009-02-14,15:00,3,,,7,,140,1,250,10,991.1,1010.5,90,0.1,-1.4,,10
2009-02-14,18:00,3,,,7,,140,1,250,10,992.3,1011.8,94,0.9,0.1,,10
2009-02-14,21:00,3,,,7,,0,0,250,10,993.3,1012.7,94,1.3,0.5,,10
2009-02-15,00:00,3,,0,5,0,0,0,800,9,993.7,1013.2,92,1.1,0,,10
2009-02-15,03:00,3,,,5,,0,0,800,10,993.4,1012.9,94,0.6,-0.2,,10
2009-02-15,06:00,3,,,7,,100,1,250,10,992.7,1012.2,96,0.7,0.1,4,71
2009-02-15,09:00,3,,,3,,110,1,150,10,991.4,1010.8,96,0.4,-0.2,1,86
2009-02-15,12:00,3,,,7,,110,1,250,10,990.6,1010,96,0.8,0.3,4,26
2009-02-15,15:00,3,,,7,,130,1,250,10,991.3,1010.6,94,1,0.2,,10
2009-02-15,18:00,3,,,7,,130,1,250,10,991.8,1011.2,96,0.8,0.3,,10
2009-02-15,21:00,3,,,7,,120,1,250,10,992.7,1012.2,96,0.8,0.3,,71
2009-02-16,00:00,3,,,7,,120,1,250,10,993.3,1012.8,96,0.8,0.3,,10
2009-02-16,06:00,3,,,7,,120,1,250,10,994.3,1013.8,96,0.5,-0.1,2,10
2009-02-16,09:00,3,,,7,,100,1,450,10,994.6,1014.1,94,0.2,-0.7,4,10
2009-02-16,12:00,3,,,6,,110,2,250,10,994,1013.5,94,0,-0.8,4,10
2009-02-16,15:00,3,,,6,,90,2,250,10,993.8,1013.4,95,-0.4,-1,,53
2009-02-16,18:00,3,,,7,,80,2,250,10,993.5,1013.1,93,-0.5,-1.4,,71
2009-02-16,21:00,3,,,6,,110,1,250,10,992.9,1012.5,92,-0.8,-1.8,,10
2009-02-17,00:00,3,,,7,,70,2,250,10,991.8,1011.4,94,-1.3,-2.1,,71
2009-02-17,06:00,3,,,7,2,130,1,450,10,991,1010.6,90,-1.1,-2.4,4,77
2009-02-17,09:00,3,,,6,,130,1,450,10,992.5,1012.2,90,-1,-2.3,4,77
2009-02-17,12:00,3,,,5,,120,2,450,10,993.5,1013,86,0,-2.1,4,10
2009-02-17,15:00,3,,,7,,130,1,450,10,995.3,1014.8,86,0.3,-1.7,,10
2009-02-17,18:00,3,,,6,,140,1,250,10,996.5,1016,92,0.6,-0.5,,10
2009-02-17,21:00,3,,,6,,80,1,250,10,997,1016.5,96,0.7,0.1,,51
2009-02-18,00:00,3,,,7,,0,0,450,10,996.9,1016.4,96,0.7,0.1,,22
2009-02-18,06:00,3,,,7,2,0,0,250,10,996,1015.5,98,0.3,0,1,73
2009-02-18,09:00,3,,,7,2,0,0,250,10,996.1,1015.6,94,1.1,0.3,2,71
2009-02-18,12:00,3,,,9,,220,1,450,10,997.3,1016.8,92,0.8,-0.3,4,85
2009-02-18,15:00,3,,,7,,230,2,450,10,999.6,1019.3,85,-0.9,-2.8,,10
2009-02-18,18:00,3,,,6,,0,0,250,10,988.9,1008.4,97,-0.6,-1,,10
2009-02-18,21:00,3,,,5,,230,2,800,10,1003.8,1023.8,84,-3.1,-5.1,,10
2009-02-19,00:00,3,,,,,0,0,3000,,1005.9,1026.2,88,-6.3,-7.8,,10
2009-02-19,03:00,3,,,,,0,0,3000,,1007.2,1027.7,90,-9.4,-10.6,,10
2009-02-19,06:00,3,,,,,0,0,3000,,1008.3,1029,89,-10.3,-11.6,4,10
2009-02-19,09:00,3,,,,,0,0,3000,,1009.1,1029.1,73,-1.4,-5.1,10,10
2009-02-19,12:00,3,,,,,130,1,3000,,1009.1,1029,62,-0.7,-6.3,10,
2009-02-19,15:00,3,,,,,120,1,3000,,1009.8,1029.3,74,-2.2,-5.8,,
2009-02-19,18:00,3,,,,,110,1,3000,,1009.7,1029.9,85,-4.3,-6.2,,10
2009-02-19,21:00,3,,,,,70,1,3000,,1009.8,1030.1,90,-6.2,-7.4,,10
2009-02-20,00:00,3,,,5,,60,1,800,10,1009.5,1029.9,92,-6.9,-7.8,,10
2009-02-20,03:00,3,,,7,,0,0,250,10,1009.5,1029.7,93,-4.6,-5.5,,10
2009-02-20,06:00,3,,,6,,0,0,250,10,1009.3,1029.5,93,-3.9,-4.7,4,77
2009-02-20,09:00,3,,,7,,80,1,150,10,1009.8,1029.8,91,-1.9,-3,4,22
2009-02-20,12:00,3,,,5,,100,1,800,10,1010.2,1030.1,83,-0.9,-3.1,4,10
2009-02-20,15:00,3,,0,5,0,80,1,800,9,1011.1,1031.1,77,-2,-5.1,10,
2009-02-20,18:00,3,,0,5,0,90,1,800,3,1011.9,1032.1,90,-3.9,-5.1,,10
2009-02-20,21:00,3,,,,,0,0,3000,,1012.6,1033,93,-6.2,-7,,10
2009-02-21,00:00,3,,,,,0,0,3000,,1014,1034,90,-9.4,-10.6,,10
2009-02-21,03:00,3,,,,,0,0,3000,,1014.4,1035.2,89,-10.6,-11.9,,10
2009-02-21,06:00,3,,,,,0,0,3000,,1015.3,1036.1,89,-11.5,-12.8,4,10
2009-02-21,09:00,3,,,,,70,1,3000,,1015.2,1034.9,70,-4.3,-8.5,10,
2009-02-21,12:00,3,,0,5,0,90,1,800,9,1015,1035.2,73,-3.5,-7.1,10,
2009-02-21,15:00,3,,0,5,0,80,1,800,9,1014.6,1034.9,75,-4,-7.4,10,
2009-02-21,18:00,3,,0,5,0,120,2,800,9,1014.1,1034.4,71,-4.7,-8.7,,
2009-02-21,21:00,3,,,,,90,1,3000,,1014.1,1034.7,75,-8,-11.2,,
2009-02-22,00:00,3,,,,,130,2,3000,,1013.8,1034.6,62,-10.7,-16,,
2009-02-22,03:00,3,,,,,90,1,3000,,1012.9,1033.9,72,-13,-16.5,,
2009-02-22,06:00,3,,,,,120,1,3000,,1012.6,1033.7,78,-14.4,-17.1,10,
2009-02-22,09:00,3,,1,0,0,120,2,3000,0,1011.4,1032.1,72,-11,-14.6,10,
2009-02-22,12:00,3,,1,0,0,120,2,3000,0,1009.6,1030.2,66,-9.6,-14.2,10,
2009-02-22,15:00,3,,1,0,0,100,1,3000,0,1008.6,1029.2,67,-10.1,-14.5,10,
2009-02-22,18:00,3,,1,0,0,0,0,3000,0,1007.2,1027.9,78,-12.8,-15.5,,
2009-02-22,21:00,3,,0,5,0,160,2,1250,9,1006.4,1027,67,-10.5,-14.9,,
2009-02-23,00:00,3,,1,0,0,120,1,3000,0,1005.8,1026.4,67,-11.7,-16.1,,
2009-02-23,03:00,3,,1,0,0,100,1,3000,0,1004.8,1025.5,67,-12.6,-16.9,,
2009-02-23,06:00,3,,,0,1,110,1,3000,10,1004.1,1024.8,72,-12.5,-16,10,
2009-02-23,09:00,3,,0,0,1,110,1,3000,8,1003.8,1024.4,67,-10,-14.4,10,22
2009-02-23,12:00,3,,,,,130,2,3000,,1003.5,1024,70,-9,-12.9,10,1
2009-02-23,15:00,3,,0,5,0,130,2,800,3,1003.6,1024.2,72,-10,-13.6,,
2009-02-23,18:00,3,,,,,140,1,3000,,1004.5,1025.2,78,-11.8,-14.5,,
2009-02-23,21:00,3,,,,,120,1,3000,,1005.1,1025.9,78,-13.3,-16,,
2009-02-24,00:00,3,,,,,0,0,3000,,1005,1026.1,88,-16.4,-17.7,,10
2009-02-24,03:00,3,,,,,0,0,3000,,1005.3,1026.5,89,-17.8,-19,,10
2009-02-24,06:00,3,,0,0,1,0,0,3000,4,1005.8,1027,89,-16.7,-17.9,4,10
2009-02-24,09:00,3,,0,5,3,0,0,1250,3,1005.9,1026.4,76,-9.3,-12.3,10,
2009-02-24,12:00,3,,0,5,3,0,0,1250,3,1005.4,1025.7,67,-6.5,-11.1,10,
2009-02-24,15:00,3,,4,0,3,140,1,1250,3,1005.2,1025.6,69,-8.3,-12.5,10,
2009-02-24,18:00,3,,,,,200,1,3000,,1005,1025.5,78,-10,-12.8,,
2009-02-24,21:00,3,,,,,220,1,3000,,1004.5,1025.1,78,-10.8,-13.6,,
2009-02-25,00:00,3,,,,,230,1,3000,,1004.1,1024.8,83,-12,-14,,10
2009-02-25,03:00,3,,,,,0,0,3000,,1002.9,1023.7,89,-12.7,-14,,10
2009-02-25,06:00,3,,1,0,3,180,1,3000,4,1002.2,1022.7,89,-11,-12.3,4,10
2009-02-25,09:00,3,,1,0,0,150,1,3000,0,1001.1,1021.3,70,-6.3,-10.3,10,
2009-02-25,12:00,3,,,5,2,230,1,800,5,1000,1020.1,78,-5.4,-8.3,4,71
2009-02-25,15:00,3,,,5,,200,2,800,10,998.8,1018.8,82,-4.5,-6.8,10,2
2009-02-25,18:00,3,,,5,,0,0,800,10,998,1018,85,-4.3,-6.2,,2
2009-02-25,21:00,3,,,5,,200,1,800,10,996.9,1016.8,85,-4,-5.9,,10
2009-02-26,00:00,3,,,5,,0,0,800,10,995.7,1015.5,89,-3.6,-5,,10
2009-02-26,06:00,3,,,5,,200,2,800,10,994.2,1014,90,-3.2,-4.5,4,71
2009-02-26,12:00,3,,,5,,200,2,450,10,992.5,1012.1,80,-0.3,-3,4,71
2009-02-26,15:00,3,,,5,,170,1,800,10,991.7,1011.2,84,-0.5,-2.6,4,71
2009-02-26,18:00,3,,,5,,170,2,800,10,991.4,1010.9,78,-0.4,-3.4,,2
2009-02-26,21:00,3,,0,5,0,170,1,800,9,990.7,1010.3,76,-1.3,-4.6,,
2009-02-27,00:00,3,,,5,2,150,2,800,6,990.3,1010,83,-2.5,-4.7,,71
2009-02-27,06:00,3,,,5,2,160,2,800,6,990,1009.7,82,-3.1,-5.5,10,22
2009-02-27,09:00,3,,,5,2,160,2,800,8,990,1009.6,84,-2.1,-4.2,4,71
2009-02-27,12:00,3,,,5,2,170,2,800,8,989.6,1009.1,80,-0.5,-3.2,4,71
2009-02-27,15:00,3,,,7,2,170,2,450,10,990,1009.6,85,-1.4,-3.4,4,71
2009-02-27,18:00,3,,,7,,190,2,450,10,990.4,1010,84,-2,-4.1,,22
2009-02-27,21:00,3,,,7,,150,2,450,10,990.2,1009.9,82,-2.6,-4.9,,
2009-02-28,00:00,3,,,5,,160,2,450,10,989.9,1009.6,84,-3.4,-5.5,,71
2009-02-28,06:00,3,,,7,2,150,2,250,10,989.2,1009,85,-4,-5.9,4,71
2009-02-28,09:00,3,,,7,2,140,1,250,10,989.9,1009.5,83,-2.2,-4.4,4,71
2009-02-28,12:00,3,,,7,,160,1,450,10,989.6,1009.1,76,-0.3,-3.6,10,2
2009-02-28,15:00,3,,,7,,90,1,450,10,989.9,1009.5,80,-1.1,-3.7,4,71
2009-02-28,18:00,3,,,7,,180,2,450,10,990.7,1010.3,85,-1.5,-3.5,,71
2009-02-28,21:00,3,,,7,,140,2,450,10,990.9,1010.5,84,-2.1,-4.2,,71
2009-03-01,00:00,3,,,7,,130,1,450,10,990.7,1010.4,85,-2.4,-4.3,,71
2009-03-01,06:00,3,,,5,2,120,1,800,6,991.6,1011.3,87,-3.2,-4.9,4,71
2009-03-01,09:00,3,,,5,1,0,0,800,8,992.1,1011.6,83,-0.9,-3.1,10,22
2009-03-01,12:00,3,,,5,2,80,1,800,6,991.7,1011.1,76,0.3,-3.4,4,71
2009-03-01,15:00,3,,,5,2,40,1,800,8,992.1,1011.6,83,-0.3,-2.6,4,71
2009-03-01,18:00,3,,,5,2,340,1,800,8,992.4,1011.9,92,-0.8,-1.8,,71
2009-03-01,21:00,3,,,5,2,340,1,800,8,992.4,1012,92,-1,-2,,10
2009-03-02,00:00,3,,,5,,310,1,800,10,992,1011.6,92,-1.2,-2.2,,10
2009-03-02,06:00,3,,,7,,330,3,450,10,992.4,1012,92,-1.3,-2.3,4,71
2009-03-02,09:00,3,,,7,,360,2,450,10,992.2,1011.7,84,-0.4,-2.5,4,22
2009-03-02,12:00,3,,,5,,360,2,450,10,992.3,1011.8,84,-0.4,-2.5,4,10
2009-03-02,15:00,3,,,5,,360,2,450,10,992.7,1012.3,90,-0.8,-2.1,4,71
2009-03-02,18:00,3,,,5,2,360,2,800,8,993.5,1013.1,80,-0.7,-3.4,,10
2009-03-02,21:00,3,,,5,2,360,2,800,8,993.2,1012.9,78,-1.2,-4.1,,22
2009-03-03,00:00,3,,,5,2,360,3,800,8,993.1,1012.8,80,-1.6,-4.3,,2
2009-03-03,06:00,3,,,5,,360,2,800,10,994,1013.7,78,-1.4,-4.4,10,
2009-03-03,09:00,3,,0,5,0,320,2,1250,8,994.4,1014,67,-0.2,-4.9,10,
2009-03-03,12:00,3,,0,0,3,10,2,3000,5,994.4,1013.8,59,2,-5.2,10,
2009-03-03,15:00,3,,1,0,0,350,1,3000,0,995.7,1015.2,66,0.7,-5,10,
2009-03-03,18:00,3,,,,,0,0,3000,,997.2,1016.9,74,-2.1,-5.6,,
2009-03-03,21:00,3,,,,,0,0,3000,,998,1018,83,-5,-7.1,,
2009-03-04,00:00,3,,,,,0,0,3000,,998.9,1019,88,-5.9,-7.4,,10
2009-03-04,03:00,3,,0,5,0,0,0,3000,9,999.5,1019.7,90,-6.4,-7.6,,10
2009-03-04,06:00,3,,,5,,0,0,800,10,1000.2,1020.1,88,-3.7,-5.2,4,10
2009-03-04,09:00,3,,,5,,260,1,800,10,1000.5,1020.2,76,-0.8,-4,10,
2009-03-04,12:00,3,,,5,,250,1,800,10,1000.5,1020.2,77,-0.6,-3.7,10,
2009-03-04,15:00,3,,0,5,0,240,1,800,8,1000.3,1020.1,72,-1.1,-5,10,
2009-03-04,18:00,3,,1,0,3,240,1,3000,3,1000.4,1020.4,82,-4.3,-6.6,,
2009-03-04,21:00,3,,,5,,0,0,800,10,1000.4,1020.2,81,-2.3,-4.8,,
2009-03-05,00:00,3,,0,5,0,240,1,800,8,1000.9,1020.8,80,-2.5,-5.1,,
2009-03-05,03:00,3,,0,5,0,240,1,1250,8,1001,1021,85,-4.2,-6.1,,
2009-03-05,06:00,3,,1,0,3,230,1,3000,3,1001.3,1021.2,86,-3.5,-5.3,4,10
2009-03-05,09:00,3,,0,5,3,190,1,800,3,1001.7,1021.3,70,1.3,-3.6,10,
2009-03-05,12:00,3,,0,5,3,200,1,1250,6,1001.2,1020.7,62,2.7,-3.9,10,
2009-03-05,15:00,3,,0,5,3,230,1,1250,3,1000.8,1020.4,73,0.9,-3.3,10,
2009-03-05,18:00,3,,0,0,3,0,0,3000,8,1000.5,1020.3,81,-2.1,-4.6,,
2009-03-05,21:00,3,,,5,,0,0,1250,10,1001,1020.8,84,-1.9,-4,,
2009-03-06,00:00,3,,,5,,0,0,800,10,1001.4,1021.2,78,-1.4,-4.4,,
2009-03-06,03:00,3,,,5,,0,0,800,10,1001,1020.8,79,-2,-4.8,,
2009-03-06,06:00,3,,0,5,3,140,1,1250,3,1001.2,1021,75,-1.7,-5.1,10,
2009-03-06,09:00,3,,,,,120,2,3000,,1002.5,1021.2,64,-0.6,-5.8,10,
2009-03-06,12:00,3,,9,0,0,180,2,3000,0,1000.8,1020.4,64,0.9,-5.1,10,
2009-03-06,15:00,3,,9,0,3,160,2,3000,3,1000.1,1019.8,61,-0.3,-6.1,10,
2009-03-06,18:00,3,,,,,120,2,3000,,1000,1019.8,68,-2.1,-6.7,,
2009-03-06,21:00,3,,,,,130,2,3000,,999.8,1019.7,71,-3.6,-7.6,,
2009-03-07,00:00,3,,,,,150,2,3000,,1000.1,1020.2,74,-5.6,-9,,
2009-03-07,03:00,3,,,,,80,1,3000,,999.9,1020.1,78,-6.6,-9.4,,
2009-03-07,06:00,3,,,0,5,100,1,3000,10,999.7,1019.8,82,-6.2,-8.5,10,
2009-03-07,12:00,3,,,0,5,130,3,3000,10,998.5,1018.3,63,-1,-6.4,10,
2009-03-07,15:00,3,,,0,5,140,3,3000,10,997.1,1016.9,66,-0.9,-5.9,10,
2009-03-07,18:00,3,,,0,2,130,2,3000,10,996.4,1016.3,80,-2.4,-5,,71
2009-03-07,21:00,3,,,5,2,120,3,800,8,995.5,1015.4,87,-2.9,-4.6,,71
2009-03-08,00:00,3,,,5,,130,1,800,10,994.6,1014.4,87,-3.2,-4.9,,71
2009-03-08,06:00,3,,,3,,140,2,250,10,992.8,1012.6,92,-3,-4,4,26
2009-03-08,09:00,3,,,7,,120,2,250,10,992.4,1012.1,92,-2.6,-3.6,4,71
2009-03-08,12:00,3,,,7,,130,2,450,10,991.5,1011.1,85,-1.3,-3.3,4,10
2009-03-08,15:00,3,,,7,,160,2,450,10,991.3,1010.9,85,-1.3,-3.3,4,10
2009-03-08,18:00,3,,,6,,130,2,250,10,990.9,1010.5,89,-1.6,-3,,10
2009-03-08,21:00,3,,,7,,100,1,250,10,989.3,1008.9,92,-1.3,-2.3,,66
2009-03-09,00:00,3,,,7,,120,1,250,10,988,1007.5,93,-0.4,-1.3,,10
2009-03-09,06:00,3,,,7,2,110,1,250,10,985.9,1005.2,96,0.1,-0.5,2,73
2009-03-09,09:00,3,,,7,2,150,1,250,10,985.4,1004.7,92,0.8,-0.3,4,71
2009-03-09,12:00,3,,,7,2,140,2,250,10,985,1004.3,90,1,-0.4,4,71
2009-03-09,15:00,3,,,7,,120,2,250,10,984.8,1004.1,92,0.5,-0.6,4,10
2009-03-09,18:00,3,,,6,,140,2,250,10,984.7,1004.1,93,-0.3,-1.2,,10
2009-03-09,21:00,3,,,6,,110,1,250,10,984.1,1003.5,93,-0.6,-1.5,,10
2009-03-10,00:00,3,,,6,,0,0,250,10,982.8,1002.2,90,-0.9,-2.2,,20
2009-03-10,06:00,3,,,6,,100,1,250,10,981.3,1000.6,90,-0.9,-2.2,4,10
2009-03-10,09:00,3,,,6,,0,0,450,10,980.9,1000.1,89,0.5,-1.1,4,10
2009-03-10,12:00,3,,,6,,0,0,450,10,980.6,999.7,81,2.3,-0.7,10,
2009-03-10,15:00,3,,,6,,0,0,450,10,980.9,1000,80,2.2,-0.8,10,
2009-03-10,18:00,3,,,7,,0,0,450,10,981.8,1001,92,0.9,-0.2,,71
2009-03-10,21:00,3,,,7,,0,0,250,10,982.5,1001.8,94,0.7,-0.1,,71
2009-03-11,00:00,3,,,7,,0,0,450,10,983.6,1002.9,94,0.3,-0.5,,10
2009-03-11,06:00,3,,,6,,250,1,450,10,986.6,1005.9,94,1.1,0.3,4,10
2009-03-11,09:00,3,,,6,,250,1,250,10,988.7,1008,92,2,0.9,4,10
2009-03-11,12:00,3,,,6,,320,1,450,10,990.6,1009.9,91,2.7,1.4,4,20
2009-03-11,15:00,3,,,5,,330,1,800,10,992.2,1011.5,86,2.5,0.4,4,10
2009-03-11,18:00,3,,,5,,0,0,800,10,994,1013.5,89,1.6,0,,10
2009-03-11,21:00,3,,0,5,0,0,0,800,9,995.1,1014.6,90,0.4,-1,,10
2009-03-12,00:00,3,,,5,,290,1,800,10,995.6,1015.2,92,0.4,-0.7,,10
2009-03-12,03:00,3,,,5,,0,0,800,10,996,1015.6,92,0.2,-0.9,,10
2009-03-12,06:00,3,,,5,,0,0,800,10,996.3,1015.8,90,1.3,-0.1,4,10
2009-03-12,09:00,3,,0,8,0,310,2,800,8,996.4,1015.6,71,4.3,-0.5,10,
2009-03-12,12:00,3,,,5,,0,0,800,10,996.9,1016.1,67,4.2,-1.3,10,
2009-03-12,15:00,3,,0,5,0,320,1,1250,9,997.1,1016.5,84,2.4,0,10,2
2009-03-12,18:00,3,,0,5,0,340,1,1250,9,997.8,1017.4,85,1.3,-0.9,,2
2009-03-12,21:00,3,,,5,,0,0,800,10,998.3,1017.9,88,0.2,-1.5,,10
2009-03-13,00:00,3,,0,5,0,0,0,1250,8,998.5,1018.1,88,0.1,-1.7,,22
2009-03-13,06:00,3,,,5,,0,0,800,10,999.8,1019.5,88,-0.7,-2.2,4,70
2009-03-13,09:00,3,,0,5,0,0,0,800,9,1000.5,1020.1,78,0.5,-2.8,10,1
2009-03-13,12:00,3,,0,5,0,330,1,800,9,1000.3,1019.8,62,2.6,-4,10,3
2009-03-13,15:00,3,,0,5,3,330,2,1250,3,1000.9,1020.5,61,1.2,-5.5,10,
2009-03-13,18:00,3,,0,5,0,0,0,1250,8,1001.9,1021.6,61,-0.5,-6.4,,
2009-03-13,21:00,3,,,,,0,0,3000,,1002.7,1022.7,71,-3.5,-7.5,,
2009-03-14,00:00,3,,0,5,0,0,0,800,9,1003,1023,76,-2.4,-5.7,,
2009-03-14,03:00,3,,0,5,0,0,0,800,9,1002.9,1022.9,79,-2.9,-5.6,,
2009-03-14,06:00,3,,0,5,3,0,0,1250,4,1003.2,1023.1,76,-1.3,-4.6,10,
2009-03-14,09:00,3,,1,5,3,0,0,1250,4,1003.8,1023.5,66,1.1,-4.5,10,
2009-03-14,12:00,3,,1,5,3,20,1,1250,3,1003.1,1022.7,58,2.3,-5.2,10,
2009-03-14,15:00,3,,1,0,3,40,1,3000,1,1003.1,1022.8,61,1.3,-5.4,10,
2009-03-14,18:00,3,,,,,40,1,3000,,1004.7,1024.6,62,-2.2,-7.7,,
2009-03-14,21:00,3,,,,,130,1,3000,,1005.1,1025.2,65,-4,-9,,
2009-03-15,00:00,3,,0,0,3,120,1,3000,8,1005.6,1025.8,72,-5.4,-9.2,,
2009-03-15,03:00,3,,,5,,0,0,1250,10,1006,1026.3,78,-6.7,-9.5,,
2009-03-15,06:00,3,,,5,,0,0,1250,10,1006.5,1026.7,80,-5.8,-8.4,10,
2009-03-15,09:00,3,,,5,5,0,0,1250,8,1007.1,1027.2,70,-2.6,-6.7,10,
2009-03-15,12:00,3,,,0,5,140,1,3000,10,1007,1027,63,-1.2,-6.6,10,
2009-03-15,15:00,3,,,0,5,120,1,3000,10,1007,1027,67,-1.3,-6,10,
2009-03-15,18:00,3,,,0,5,130,1,3000,10,1007.6,1027.6,68,-1.8,-6.4,,
2009-03-15,21:00,3,,,0,5,120,1,3000,10,1007.8,1027.8,68,-2,-6.6,,
2009-03-16,00:00,3,,,0,5,0,0,3000,10,1007.7,1027.7,69,-2.2,-6.5,,
2009-03-16,03:00,3,,,0,5,0,0,3000,10,1007.7,1027.7,71,-2.5,-6.5,,
2009-03-16,06:00,3,,0,5,0,0,0,800,9,1008.2,1028.2,84,-2.8,-4.8,4,71
2009-03-16,09:00,3,,,5,2,0,0,800,3,1008.5,1028.5,76,-1,-4.2,10,71
2009-03-16,12:00,3,,,0,2,0,0,3000,10,1008.2,1028.1,82,-0.6,-3,4,71
2009-03-16,15:00,3,,,7,1,0,0,450,6,1007.7,1027.6,82,-0.6,-3,10,22
2009-03-16,18:00,3,,,5,,0,0,800,10,1007.8,1027.7,83,-0.9,-3.1,,10
2009-03-16,21:00,3,,,5,,0,0,800,10,1007.6,1027.6,76,-1.2,-4.5,,
2009-03-17,00:00,3,,,5,,0,0,800,10,1006.8,1026.7,79,-1.9,-4.7,,
2009-03-17,03:00,3,,1,0,0,0,0,3000,0,1006,1026.1,85,-4.1,-6,,10
2009-03-17,06:00,3,,,,,0,0,3000,,1005.1,1025,80,-1.3,-3.9,10,10
2009-03-17,09:00,3,,,,,240,1,3000,,1003.7,1023.3,62,2.6,-4,10,
2009-03-17,12:00,3,,0,5,0,210,1,1250,3,1001.1,1020.4,53,4.8,-4,10,
2009-03-17,15:00,3,,0,5,0,0,0,1250,8,999.1,1018.6,59,2.3,-4.8,10,
2009-03-17,18:00,3,,0,5,0,0,0,1250,9,998.2,1017.8,61,1.7,-4.9,,
2009-03-17,21:00,3,,,,,0,0,3000,,997.5,1017.3,68,-1.8,-6.3,,
2009-03-18,00:00,3,,,,,0,0,3000,,997,1016.8,78,-3.7,-6.6,,
2009-03-18,03:00,3,,,,,0,0,3000,,996.7,1016.7,88,-6.1,-7.6,,10
2009-03-18,06:00,3,,,,,110,1,3000,,997,1016.6,75,-0.5,-4,10,10
2009-03-18,09:00,3,,1,0,0,140,1,3000,0,997,1016.4,64,1.8,-4.3,10,
2009-03-18,12:00,3,,1,1,0,140,1,800,4,996.8,1016.2,61,2.5,-4.2,10,
2009-03-18,15:00,3,,0,1,3,160,2,800,3,997.1,1016.6,64,1.2,-4.8,10,
2009-03-18,18:00,3,,,3,,150,2,800,10,998.1,1017.8,86,-0.4,-2.2,,85
2009-03-18,21:00,3,,,5,,170,1,800,10,998.4,1018.1,79,-0.6,-3.4,,2
2009-03-19,00:00,3,,,3,,130,1,800,10,998.7,1018.5,87,-1,-2.6,,85
2009-03-19,06:00,3,,,3,,110,1,450,10,999.3,1019,88,-0.4,-1.9,4,85
2009-03-19,09:00,3,,,5,,160,1,800,10,999.6,1019,79,3.3,0.1,4,22
2009-03-19,12:00,3,,,5,,160,2,800,10,999.9,1019.3,67,3.6,-2,10,2
2009-03-19,15:00,3,,,3,,160,2,800,10,1000.4,1019.9,73,2.4,-1.9,4,85
2009-03-19,18:00,3,,0,5,0,150,1,800,3,1001.7,1021.5,87,-1.6,-3.3,,10
2009-03-19,21:00,3,,,,,220,1,3000,,1002.5,1022.4,87,-1.6,-3.3,,10
2009-03-20,00:00,3,,,,,0,0,3000,,1003.2,1023.3,89,-4.4,-5.7,,10
2009-03-20,06:00,3,,,,,220,1,3000,,1003.9,1023.8,94,-1.4,-2.2,4,10
2009-03-20,09:00,3,,0,1,0,330,2,800,6,1004.1,1023.7,73,2.4,-1.9,10,
2009-03-20,12:00,3,,0,8,0,260,2,800,9,1002.7,1022.2,69,3.9,-1.3,10,
2009-03-20,15:00,3,,0,5,3,260,2,800,6,1000.9,1020.4,74,2.8,-1.4,10,
2009-03-20,18:00,3,,,,,260,2,3000,,999,1018.6,80,0.1,-2.9,,
2009-03-20,21:00,3,,7,0,0,250,2,3000,0,996.1,1015.6,78,0.1,-3.3,,
2009-03-21,00:00,3,,,0,1,230,1,3000,10,992.8,1012.4,70,-0.4,-4.6,,
2009-03-21,06:00,3,,,7,2,220,2,450,8,986.5,1006,82,-1.1,-3.4,4,71
2009-03-21,09:00,3,,,7,2,240,2,450,8,984,1003.4,86,-0.4,-2.2,2,73
2009-03-21,12:00,3,,,7,2,230,2,450,8,982.3,1001.5,88,0.3,-1.4,4,71
2009-03-21,15:00,3,,,7,2,240,1,450,8,980.9,1000.1,90,0.2,-1.2,4,71
2009-03-21,18:00,3,,,7,1,260,1,450,8,980.6,999.8,90,0,-1.5,,71
2009-03-21,21:00,3,,2,0,0,310,1,3000,0,980,999.4,89,-1.7,-3.1,,10
2009-03-22,00:00,3,,0,5,0,0,0,1250,3,979.7,999.3,87,-4.1,-5.7,,10
2009-03-22,06:00,3,,0,5,0,350,2,800,9,980,999.6,81,-4.8,-7.2,10,10
2009-03-22,09:00,3,,0,5,0,320,3,800,8,980,999.5,64,-2.6,-7.8,10,
2009-03-22,12:00,3,,0,5,0,330,2,800,9,979.5,999,60,-2.2,-8.1,10,
2009-03-22,15:00,3,,0,5,0,320,2,800,8,978.9,998.4,60,-2.2,-8.1,10,
2009-03-22,18:00,3,,0,5,0,310,1,800,3,979.2,998.8,70,-3.9,-8,,
2009-03-22,21:00,3,,0,5,0,290,1,800,4,979.3,999,81,-5.2,-7.7,,
2009-03-23,00:00,3,,0,5,0,260,1,800,4,979.1,998.1,82,-6.3,-8.6,,
2009-03-23,03:00,3,,0,5,0,290,1,800,3,979.1,998.9,82,-7.7,-9.9,,
2009-03-23,06:00,3,,,,,270,1,3000,,979.4,999.1,78,-5.2,-8.1,10,
2009-03-23,09:00,3,,0,1,0,320,1,800,5,979.7,999,58,-0.7,-7.1,10,
2009-03-23,12:00,3,,0,8,0,250,2,800,8,979,998.2,53,1.8,-6.7,10,
2009-03-23,15:00,3,,0,8,0,240,1,800,8,979.2,998.6,58,-1.4,-7.8,10,
2009-03-23,18:00,3,,0,0,3,160,1,3000,4,979.8,999.3,62,-2.5,-8.1,,
2009-03-23,21:00,3,,,,,150,1,3000,,980.2,999.7,68,-3.6,-8,,
2009-03-24,00:00,3,,,,,110,1,3000,,980,999.6,100,-4.4,-1.7,,
2009-03-24,06:00,3,,,0,5,130,1,3000,10,979,998.5,71,-3.6,-7.6,10,2
2009-03-24,09:00,3,,1,0,3,120,2,3000,6,978.8,998.1,62,-0.6,-6.2,10,
2009-03-24,12:00,3,,0,5,0,130,3,800,9,978.9,998.2,70,0.1,-4.7,10,
2009-03-24,15:00,3,,,5,,130,3,800,10,978.6,998,69,-1.4,-5.8,10,
2009-03-24,18:00,3,,,5,2,140,2,800,6,978.6,998.1,85,-2.6,-4.5,,71
2009-03-24,21:00,3,,,7,2,120,2,450,8,977,996.3,88,-2.2,-3.7,,71
2009-03-25,00:00,3,,,7,,110,2,450,10,973.2,992.5,91,-1.5,-2.6,,10
2009-03-25,06:00,3,,0,5,0,150,1,800,9,968.6,987.6,96,1,0.5,4,22
2009-03-25,09:00,3,,,5,,180,2,800,10,969.7,988.6,86,2.5,0.4,4,21
2009-03-25,12:00,3,,,9,,180,2,450,10,970.4,989.3,78,3.2,-0.3,10,85
2009-03-25,15:00,3,,,9,,180,2,800,10,973.8,992.9,81,1.1,-1.8,10,85
2009-03-25,18:00,3,,,5,,210,2,800,10,977.1,996.2,73,0.4,-3.9,,2
2009-03-25,21:00,3,,,5,,0,0,800,10,978.3,997.6,74,-0.2,-3.8,,
2009-03-26,00:00,3,,,5,,310,1,800,10,978.5,997.9,75,-0.9,-4.4,,
2009-03-26,06:00,3,,,9,,310,2,450,10,979,998.5,80,-2.4,-5,10,85
2009-03-26,09:00,3,,,5,,340,3,800,10,980.7,1000.1,67,-2.2,-6.9,10,2
2009-03-26,12:00,3,,0,5,0,260,2,800,8,983.2,1002.6,59,-0.3,-6.5,10,1
2009-03-26,15:00,3,,0,5,0,290,2,800,8,985.3,1004.7,56,-0.6,-7.4,10,
2009-03-26,18:00,3,,0,0,3,290,2,3000,3,988.1,1007.8,59,-2.7,-8.8,,
2009-03-26,21:00,3,,,,,230,1,3000,,990.4,1010.3,70,-5,-9.1,,
2009-03-27,00:00,3,,,,,230,1,3000,,992.1,1012.1,75,-6.8,-10.1,,
2009-03-27,03:00,3,,,,,240,1,3000,,993.4,1013.5,73,-7.7,-11.2,,
2009-03-27,06:00,3,,,,,0,0,3000,,995,1014.8,60,-2.3,-8.2,10,
2009-03-27,09:00,3,,0,5,0,220,1,800,3,996.1,1015.7,52,1.2,-7.6,10,
2009-03-27,12:00,3,,0,8,0,230,1,800,3,996.2,1015.7,48,2.7,-7.1,10,
2009-03-27,15:00,3,,0,5,0,220,1,800,3,996.3,1015.9,51,0.8,-8.2,10,
2009-03-27,18:00,3,,,,,0,0,3000,,997.6,1017.4,56,-2,-8.7,,
2009-03-27,21:00,3,,,,,0,0,3000,,998.7,1018.6,57,-2.6,-9.1,,
2009-03-28,00:00,3,,0,5,0,200,1,800,9,999.6,1019.5,59,-2.8,-9,,
2009-03-28,03:00,3,,,5,,160,1,800,10,1000.1,1020,66,-2.6,-7.4,,
2009-03-28,06:00,3,,,5,,150,1,800,10,1000.9,1020.6,63,-0.2,-5.6,10,
2009-03-28,09:00,3,,0,5,0,150,1,1250,8,1001.7,1021.1,61,3.4,-3.3,10,2
2009-03-28,12:00,3,,0,0,8,170,2,3000,6,1001.8,1021.1,53,5.3,-3.6,10,2
2009-03-28,15:00,3,,6,0,0,160,2,3000,0,1001.9,1021.2,54,4.4,-4.1,10,
2009-03-28,18:00,3,,1,0,0,140,2,3000,0,1002.7,1022.3,58,2.5,-4.9,,
2009-03-28,21:00,3,,1,0,0,190,2,3000,0,1003.5,1023.2,62,1,-5.4,,
2009-03-29,00:00,3,,0,0,8,170,1,3000,8,1003.6,1023.4,62,-0.1,-5.7,,
2009-03-29,03:00,3,,,0,7,160,2,3000,10,1003.3,1023.1,66,0.1,-5.4,,
2009-03-29,06:00,3,,,0,2,160,1,3000,10,1003.6,1023.3,70,1.1,-3.8,10,71
2009-03-29,09:00,3,,6,0,0,160,1,3000,0,1003,1022.3,63,5.6,-0.8,10,1
2009-03-29,12:00,3,,8,0,3,170,3,3000,4,1002.1,1021.2,56,7.9,-0.2,10,3
2009-03-29,15:00,3,,7,0,0,150,4,3000,0,1000.7,1019.9,61,7,0,10,
2009-03-29,18:00,3,,,0,1,160,2,3000,10,1001.2,1020.5,68,4.5,-0.9,,
2009-03-29,21:00,3,,,0,7,160,2,3000,10,1000.8,1020.2,70,3.6,-1.4,,
2009-03-30,00:00,3,,,0,7,180,2,3000,10,999.8,1019.1,74,4.1,-0.2,,
2009-03-30,03:00,3,,,5,7,220,1,1250,4,999.3,1018.6,74,4.4,0.2,,
2009-03-30,06:00,3,,,0,5,140,1,3000,10,999.5,1018.8,72,5.3,0.7,10,
2009-03-30,09:00,3,,,0,5,190,2,3000,10,999.4,1018.6,70,5.9,0.8,10,
2009-03-30,12:00,3,,,5,,200,1,1250,10,999.6,1018.7,67,7.4,1.7,10,
2009-03-30,15:00,3,,,3,,190,2,800,10,999.9,1020,80,4.5,1.4,4,80
2009-03-30,18:00,3,,,3,,130,2,450,10,1000.6,1020,91,3.6,2.3,,80
2009-03-30,21:00,3,,,5,,210,1,800,10,1000,1019.4,93,3,2,,10
2009-03-31,00:00,3,,,7,2,160,1,450,10,999,1018.9,94,2.6,1.8,,61
2009-03-31,06:00,3,,,6,,0,0,250,10,998.5,1017.9,97,3.2,2.7,2,10
2009-03-31,09:00,3,,,6,,0,0,450,10,998.6,1017.8,86,5,2.8,4,10
2009-03-31,12:00,3,,,5,,240,1,450,10,998.6,1017.9,82,4.6,1.8,10,10
2009-03-31,15:00,3,,,5,,240,1,800,10,998.4,1017.7,80,4.2,1.1,10,
2009-03-31,18:00,3,,0,5,0,230,1,800,3,998.8,1018.3,84,2.6,0.2,,
2009-03-31,21:00,3,,,,,260,2,3000,,998.5,1018,86,1.3,-0.7,,10
2009-04-01,00:00,3,,,,,240,1,3000,,998,1017.6,92,0.2,-0.9,,10
2009-04-01,03:00,3,,,5,,220,1,800,10,997.5,1017.1,92,0.1,-1,,10
2009-04-01,06:00,3,,,5,,200,1,800,10,996.2,1015.6,83,2.2,-0.3,10,10
2009-04-01,09:00,3,,0,5,0,180,1,800,9,994.1,1013.3,76,4.5,0.6,10,2
2009-04-01,12:00,3,,,5,,200,2,1250,10,991,1010,67,7.7,1.9,10,2
2009-04-01,15:00,3,,,7,2,220,3,450,10,988.8,1007.8,82,5.7,2.8,4,61
2009-04-01,18:00,3,,,7,,250,2,450,10,987.5,1006.6,91,3.5,2.2,,21
2009-04-01,21:00,3,,,3,,280,3,250,10,988.6,1008,94,1.3,0.5,,85
2009-04-02,00:00,3,,,5,,280,2,800,10,990.9,1010.2,87,1.6,-0.3,,10
2009-04-02,06:00,3,,,9,,310,1,450,10,994.2,1013.7,88,1,-0.7,4,85
2009-04-02,09:00,3,,,5,,310,3,800,10,995.8,1015.2,67,1.7,-3.8,10,3
2009-04-02,12:00,3,,,9,,300,3,450,10,996.7,1016.1,63,2.5,-3.8,10,85
2009-04-02,15:00,3,,0,5,0,310,2,800,9,997.4,1016.9,74,1.5,-2.6,10,26
2009-04-02,18:00,3,,0,5,0,0,0,1250,9,998.4,1018,80,0.5,-2.5,,3
2009-04-02,21:00,3,,0,5,0,260,1,800,9,998.7,1018.4,75,-0.4,-3.8,,
2009-04-03,00:00,3,,,,,250,1,3000,,998.8,1018.6,70,-1.1,-5.4,,
2009-04-03,06:00,3,,,5,,260,1,800,10,997.4,1016.8,69,1.8,-3.3,10,
2009-04-03,09:00,3,,,7,2,250,2,450,10,994.6,1014.1,79,1.5,-1.7,4,73
2009-04-03,12:00,3,,,7,2,240,2,450,10,990.7,1010,90,1.6,0.2,2,73
2009-04-03,15:00,3,,,7,2,270,2,450,10,988.9,1008.3,94,1.4,0.6,2,71
2009-04-03,18:00,3,,,7,2,290,2,450,10,988.9,1008.2,94,2.1,1.3,,63
2009-04-03,21:00,3,,,0,5,350,1,3000,10,988.6,1007.9,91,1.8,0.5,,10
2009-04-04,00:00,3,,0,5,0,340,2,800,9,989.5,1008.9,88,0.8,-0.9,,10
2009-04-04,06:00,3,,0,5,0,360,3,800,9,992.8,1012.2,82,0.4,-2.3,10,10
2009-04-04,09:00,3,,,5,,350,3,800,10,994.2,1013.6,76,1.8,-1.9,10,26
2009-04-04,12:00,3,,0,5,0,360,2,800,8,995.7,1015.1,60,1.6,-5.4,10,2
2009-04-04,15:00,3,,0,5,0,350,3,800,3,996.4,1015.9,53,1.8,-6.7,10,
2009-04-04,18:00,3,,,,,350,1,3000,,997.9,1017.6,52,-0.3,-8,,
2009-04-04,21:00,3,,,,,350,1,3000,,998.8,1018.7,63,-3.7,-9,,
2009-04-05,00:00,3,,,,,0,0,3000,,999,1019.2,77,-6.2,-9.2,,
2009-04-05,03:00,3,,0,5,0,0,0,800,5,998.9,1019.1,83,-7,-9.1,10,
2009-04-05,06:00,3,,0,0,3,0,0,3000,9,997.7,1017.3,61,1.2,-5.5,10,
2009-04-05,09:00,3,,,5,5,240,2,1250,8,996,1015.3,70,3.5,-1.5,10,
2009-04-05,12:00,3,,,7,2,240,2,450,6,994.6,1014,86,2.7,0.6,4,61
2009-04-05,15:00,3,,,7,2,240,1,450,8,993.7,1013,91,2.9,1.6,4,21
2009-04-05,18:00,3,,,7,,270,1,250,10,994,1013.3,93,3.4,2.4,,10
2009-04-05,21:00,3,,,7,,0,0,250,10,994.4,1013.7,93,3.5,2.5,,10
2009-04-06,00:00,3,,,5,,0,0,800,10,994.6,1013.9,91,3.1,1.8,,10
2009-04-06,03:00,3,,,7,,0,0,250,10,994.6,1014,92,2,0.9,4,10
2009-04-06,06:00,3,,0,5,0,0,0,800,9,994.2,1013.4,82,4.4,1.6,10,10
2009-04-06,09:00,3,,0,5,0,180,1,800,9,993.1,1012.2,73,6.6,2.2,10,
2009-04-06,12:00,3,,2,5,0,190,1,800,8,990.7,1009.6,75,7.6,3.4,10,
2009-04-06,15:00,3,,,5,,160,1,800,10,987.6,1006.6,81,7,4,10,21
2009-04-06,18:00,3,,0,5,0,220,1,800,8,988,1007.1,80,5.2,2,,3
2009-04-06,21:00,3,,0,5,3,220,2,1250,4,987.3,1006.3,82,4,1.2,,25
2009-04-07,00:00,3,,0,5,0,270,2,800,9,986.6,1005.6,82,4.1,1.3,,21
2009-04-07,06:00,3,,,5,7,350,3,800,6,991.3,1010.7,81,1.4,-1.5,4,71
2009-04-07,09:00,3,,,5,,340,2,800,10,994.4,1013.8,69,2.2,-2.8,10,2
2009-04-07,12:00,3,,0,8,0,330,2,800,8,996.2,1015.5,53,3.2,-5.5,10,1
2009-04-07,15:00,3,,0,1,3,20,2,800,4,997.3,1016.7,47,3,-7.1,10,
2009-04-07,18:00,3,,2,0,3,330,2,3000,3,999.8,1019.4,64,0.2,-5.8,,
2009-04-07,21:00,3,,0,5,0,60,1,800,8,1001.3,1021,58,-0.6,-7,,
2009-04-08,00:00,3,,0,0,3,110,1,3000,6,1002.7,1022.6,51,-1.7,-9.5,,
2009-04-08,03:00,3,,9,0,0,80,1,3000,0,1004.3,1024.4,59,-4.3,-10.3,10,
2009-04-08,06:00,3,,1,0,0,70,1,3000,0,1005.3,1025.1,49,0,-9.4,10,
2009-04-08,09:00,3,,1,0,0,70,2,3000,0,1006,1025.7,40,1.6,-10.4,10,
2009-04-08,12:00,3,,1,0,0,140,2,3000,0,1005.3,1024.9,42,2.7,-9,10,
2009-04-08,15:00,3,,1,0,0,90,1,3000,0,1004.8,1024.4,43,2.7,-8.5,10,
2009-04-08,18:00,3,,,,,70,1,3000,,1005.7,1025.6,50,-0.7,-8.8,,
2009-04-08,21:00,3,,1,0,0,0,0,3000,0,1006,1026,53,-1,-8.4,,
2009-04-09,00:00,3,,,,,0,0,3000,,1006.4,1026.5,63,-3.7,-9,,
2009-04-09,03:00,3,,,,,0,0,3000,,1006.2,1026.5,77,-5.9,-8.9,10,
2009-04-09,06:00,3,,,,,20,1,3000,,1006.8,1026.6,57,0.1,-7.5,10,
2009-04-09,09:00,3,,,,,30,2,3000,,1007.2,1026.8,49,2.9,-6.7,10,
2009-04-09,12:00,3,,,,,20,3,3000,,1007.2,1026.8,46,3.1,-7.4,10,
2009-04-09,15:00,3,,,,,20,2,3000,,1007.6,1027.4,52,2.1,-6.7,10,
2009-04-09,18:00,3,,,,,60,2,3000,,1009.5,1029.3,56,0,-7.6,,
2009-04-09,21:00,3,,,,,120,1,3000,,1010.4,1030.4,59,-2,-8.2,,
2009-04-10,00:00,3,,,,,0,0,3000,,1010.7,1030.8,61,-3.7,-9.4,,
2009-04-10,03:00,3,,,,,0,0,3000,,1012,1032.3,65,-5.2,-10.2,10,
2009-04-10,06:00,3,,,,,70,1,3000,,1013,1032.9,57,0.3,-7.2,10,
2009-04-10,09:00,3,,,,,140,2,3000,,1012.9,1032.7,49,2.3,-7.3,10,
2009-04-10,12:00,3,,1,0,0,70,1,3000,0,1011.8,1031.4,46,3.6,-7,10,
2009-04-10,15:00,3,,1,0,0,180,2,3000,0,1010.7,1030.3,48,3.7,-6.4,10,
2009-04-10,18:00,3,,,,,0,0,3000,,1011.2,1031,55,0.9,-7.2,,
2009-04-10,21:00,3,,1,0,0,0,0,3000,0,1011.5,1031.4,53,-0.5,-8,,
2009-04-11,00:00,3,,1,0,0,0,0,3000,0,1011.7,1031.7,62,-2.2,-7.7,,
2009-04-11,03:00,3,,1,0,0,0,0,3000,0,1011.8,1031.8,61,-1.7,-7.4,10,
2009-04-11,06:00,3,,1,0,0,210,1,3000,0,1012.1,1031.8,51,2.4,-6.7,10,
2009-04-11,09:00,3,,7,0,0,260,2,3000,0,1011.2,1030.7,50,5.3,-4.3,10,
2009-04-11,12:00,3,,7,0,1,200,2,3000,6,1009.7,1029,45,7.8,-3.3,10,
2009-04-11,15:00,3,,7,0,1,200,1,3000,4,1008.4,1027.8,54,6.5,-2.2,10,
2009-04-11,18:00,3,,1,0,0,0,0,3000,0,1008.6,1028.2,61,3.4,-3.3,,
2009-04-11,21:00,3,,1,0,0,0,0,3000,0,1008,1027.7,65,1.7,-4.1,,
2009-04-12,00:00,3,,0,0,3,0,0,3000,9,1007.7,1027.4,70,2.6,-2.3,,
2009-04-12,03:00,3,,1,0,0,0,0,3000,0,1007.5,1027.3,69,0.5,-4.5,10,
2009-04-12,06:00,3,,6,0,0,150,1,3000,0,1007.5,1026.9,47,6.2,-4.2,10,
2009-04-12,09:00,3,,6,0,0,160,1,3000,0,1007.3,1026.4,42,10.5,-1.9,10,
2009-04-12,12:00,3,,6,0,0,180,2,3000,0,1006.6,1025.6,36,11.9,-2.5,10,
2009-04-12,15:00,3,,6,0,0,190,1,3000,0,1005.6,1024.7,46,11.1,-0.2,10,
2009-04-12,18:00,3,,,,,0,0,3000,,1006.1,1025.5,61,5.7,-1.3,,
2009-04-12,21:00,3,,,,,0,0,3000,,1006,1025.7,67,1.5,-4,,
2009-04-13,00:00,3,,,,,0,0,3000,,1005.9,1025.8,73,-0.6,-4.4,,
2009-04-13,03:00,3,,,,,0,0,3000,,1005.7,1025.7,78,-1.8,-4.8,10,
2009-04-13,06:00,3,,,,,0,0,3000,,1005.6,1024.8,56,7.6,-0.5,10,
2009-04-13,09:00,3,,,,,140,1,3000,,1004.9,1023.8,49,12.6,2.3,10,
2009-04-13,12:00,3,,,,,250,1,3000,,1003.4,1022.2,44,14.1,2.1,10,
2009-04-13,15:00,3,,1,0,0,280,1,3000,0,1001.7,1020.5,59,13,5.3,10,
2009-04-13,18:00,3,,,,,0,0,3000,,1001.4,1020.6,79,6.8,3.5,,
2009-04-13,21:00,3,,,,,0,0,3000,,1000.9,1020.4,82,2.6,-0.1,,
2009-04-14,00:00,3,,,,,0,0,3000,,1000.4,1020,84,0.3,-2.1,,
2009-04-14,03:00,3,,2,0,0,0,0,3000,0,999.9,1019.7,83,-1.3,-3.5,10,
2009-04-14,06:00,3,,,,,0,0,3000,,999.5,1018.7,57,7.3,-0.7,10,
2009-04-14,09:00,3,,1,0,0,150,1,3000,0,998.8,1017.5,36,13.6,-1.2,4,5
2009-04-14,12:00,3,,1,0,0,140,2,3000,0,997.7,1016.4,34,14.6,-0.9,4,5
2009-04-14,15:00,3,,6,0,0,0,0,3000,0,996.9,1015.5,42,13.4,0.9,10,5
2009-04-14,18:00,3,,7,0,0,0,0,3000,0,997.2,1016.1,50,8.9,-0.9,,2
2009-04-14,21:00,3,,7,0,3,0,0,3000,3,997.3,1016.4,62,6.3,-0.5,,
2009-04-15,00:00,3,,,0,1,0,0,3000,10,997,1016.2,65,4.7,-1.3,,
2009-04-15,03:00,3,,1,0,0,0,0,3000,0,996.9,1016.4,74,1.4,-2.7,10,
2009-04-15,06:00,3,,,,,0,0,3000,,997,1016,47,9.4,-1.2,4,5
2009-04-15,09:00,3,,,,,140,1,3000,,996.7,1015.2,36,15,0.2,4,5
2009-04-15,12:00,3,,0,1,0,230,1,800,6,995.4,1013.8,29,16.5,-1.4,10,3
2009-04-15,15:00,3,,0,5,3,0,0,800,4,994.7,1013.2,33,15.5,-0.5,10,
2009-04-15,18:00,3,,1,0,0,0,0,3000,0,994.8,1013.7,47,9.4,-1.4,,
2009-04-15,21:00,3,,0,5,0,0,0,1250,9,994.2,1013.3,60,6.3,-0.8,,
2009-04-16,00:00,3,,,5,,340,2,800,10,994.9,1014,64,6.8,0.4,,
2009-04-16,03:00,3,,,5,,340,3,800,10,996.3,1015.5,76,4.3,0.4,10,
2009-04-16,06:00,3,,,3,,350,3,450,10,998.5,1018,94,2,1.2,4,85
2009-04-16,09:00,3,,,5,,350,4,800,10,1000.7,1020.2,85,1.8,-0.4,4,10
2009-04-16,12:00,3,,,5,,360,3,800,10,1002,1021.6,81,0.8,-2.1,10,
2009-04-16,15:00,3,,,5,,360,3,800,10,1002.6,1022.2,80,0.4,-2.6,10,
2009-04-16,18:00,3,,0,5,0,360,2,800,9,1003.1,1022.9,72,0,-4.4,,
2009-04-16,21:00,3,,,,,320,1,3000,,1003.2,1023.2,78,-2.3,-5.2,,
2009-04-17,00:00,3,,,,,0,0,3000,,1002.4,1022.3,81,-3.3,-5.7,,
2009-04-17,03:00,3,,1,0,0,0,0,3000,0,1002.2,1022.2,86,-4.8,-6.5,10,
2009-04-17,06:00,3,,6,0,0,100,1,3000,0,1001.7,1021.2,61,1.7,-4.9,10,
2009-04-17,09:00,3,,6,0,0,140,1,3000,0,999.9,1019.2,52,5.1,-3.9,10,
2009-04-17,12:00,3,,,0,5,150,2,3000,10,996.6,1015.7,48,7.2,-3,10,
2009-04-17,15:00,3,,,0,5,200,2,3000,10,993.4,1012.5,52,7.4,-1.7,10,
2009-04-17,18:00,3,,6,0,0,180,1,3000,0,991.2,1010.3,69,5.2,0,,
2009-04-17,21:00,3,,,5,,180,1,800,10,988.2,1007.3,66,5.4,-0.4,,
2009-04-18,00:00,3,,,5,,220,1,800,10,984.2,1003.2,70,4.2,-0.7,,
2009-04-18,06:00,3,,,7,2,240,2,450,10,976.8,995.8,93,2.8,1.8,2,63
2009-04-18,09:00,3,,8,2,0,220,2,800,8,978.4,997.5,91,2.5,1.2,4,25
2009-04-18,12:00,3,,0,9,0,310,3,800,5,980.8,999.7,68,5.3,-0.2,10,3
2009-04-18,15:00,3,,1,4,0,300,3,800,3,983.5,1002.5,64,4.4,-1.7,10,1
2009-04-18,18:00,3,,,9,,270,2,800,10,985.8,1005,67,2.8,-2.7,,85
2009-04-18,21:00,3,,0,5,0,300,1,800,1,987.5,1007,76,-0.2,-3.5,,1
2009-04-19,00:00,3,,0,5,0,310,2,800,8,989.4,1008.8,76,-2.2,-5.4,,3
2009-04-19,06:00,3,,0,5,0,330,2,800,9,992.8,1012.4,75,-0.6,-4,10,26
2009-04-19,09:00,3,,0,9,0,340,4,800,9,995.5,1015,74,0.5,-3.5,10,26
2009-04-19,12:00,3,,,5,,320,2,800,10,998.2,1017.8,66,1,-4.6,10,2
2009-04-19,15:00,3,,0,5,0,340,2,800,8,998.4,1017.8,53,3.9,-4.9,10,
2009-04-19,18:00,3,,,,,340,1,3000,,999.7,1019.3,56,1.5,-6.3,,
2009-04-19,21:00,3,,,,,0,0,3000,,999.7,1019.4,64,-0.7,-6,,
2009-04-20,00:00,3,,0,5,0,230,1,800,9,997.9,1017.6,66,-0.7,-5.6,,
2009-04-20,03:00,3,,,5,,220,2,1250,10,995.6,1015.2,65,-0.4,-5.5,10,
2009-04-20,06:00,3,,,5,3,240,2,800,6,992.8,1012.1,61,3.2,-3.6,10,
2009-04-20,09:00,3,,0,5,0,280,2,800,9,991.4,1010.5,57,5.3,-2.5,10,
2009-04-20,12:00,3,,,3,,310,3,450,10,992,1011.2,68,3.2,-2.2,4,85
2009-04-20,15:00,3,,0,5,0,320,2,800,6,992.5,1011.9,66,2.8,-3,10,26
2009-04-20,18:00,3,,0,5,0,340,3,800,3,993.9,1013.3,60,1.9,-5,,2
2009-04-20,21:00,3,,0,5,0,320,2,800,3,994,1013.6,64,0,-5.9,,
2009-04-21,00:00,3,,0,5,0,320,2,800,9,993.6,1013.2,73,-0.8,-4.6,,3
2009-04-21,06:00,3,,,3,,330,4,800,10,997,1016.7,78,-1,-3.9,4,85
2009-04-21,09:00,3,,0,8,0,20,5,800,8,998.9,1018.5,69,0.8,-4.2,10,1
2009-04-21,12:00,3,,0,1,0,350,6,800,5,1000,1019.5,50,2.7,-6.7,10,1
2009-04-21,15:00,3,,0,1,0,340,5,800,5,1001.2,1020.8,54,1.6,-6.6,10,
2009-04-21,18:00,3,,0,1,3,360,4,800,1,1002.5,1022.3,48,-0.2,-8.9,,
2009-04-21,21:00,3,,,,,320,2,3000,,1003.1,1023,55,-1.9,-8.9,,
2009-04-22,00:00,3,,,,,330,2,3000,,1003.5,1023.5,59,-2.8,-9,,
2009-04-22,03:00,3,,6,0,0,340,2,3000,0,1004.3,1024.4,60,-3.8,-9.6,10,
2009-04-22,06:00,3,,,,,360,3,3000,,1004.1,1023.9,54,-0.7,-8,10,
2009-04-22,09:00,3,,,,,20,3,3000,,1003.3,1022.9,50,2.2,-7,10,
2009-04-22,12:00,3,,1,0,0,360,3,3000,0,1002.2,1021.5,48,4.4,-5.7,10,
2009-04-22,15:00,3,,1,0,0,340,2,3000,0,1001.2,1020.5,49,4.9,-5,10,
2009-04-22,18:00,3,,,,,0,0,3000,,1001.4,1020.9,54,2.3,-6,,
2009-04-22,21:00,3,,,,,0,0,3000,,1001.1,1020.8,60,-0.6,-6.6,,
2009-04-23,00:00,3,,,,,0,0,3000,,1000.3,1020.1,69,-2.3,-6.6,,
2009-04-23,03:00,3,,,,,0,0,3000,,1000.1,1019.9,71,-2.3,-6.3,10,
2009-04-23,06:00,3,,1,0,0,330,1,3000,0,999.2,1018.6,51,4.5,-4.8,10,
2009-04-23,09:00,3,,,,,340,2,3000,,998.3,1017.5,40,7.4,-5.4,10,
2009-04-23,12:00,3,,1,0,0,340,3,3000,0,996.9,1015.9,38,9,-4.7,10,
2009-04-23,15:00,3,,,,,340,3,3000,,996.1,1015.1,39,8.9,-4.4,10,
2009-04-23,18:00,3,,,,,340,1,3000,,996.8,1016,44,5.8,-5.6,,
2009-04-23,21:00,3,,0,0,3,0,0,3000,3,997.4,1016.8,58,1.8,-5.5,,
2009-04-24,00:00,3,,1,0,0,0,0,3000,0,998,1017.6,68,0.2,-4.9,,
2009-04-24,03:00,3,,0,5,0,0,0,1250,9,999.2,1018.8,68,1.1,-4.1,10,
2009-04-24,06:00,3,,0,5,3,320,1,1250,4,1000.4,1019.6,48,7,-3.3,10,
2009-04-24,09:00,3,,0,8,0,350,2,800,9,1001.2,1020.1,43,10.6,-1.4,10,
2009-04-24,12:00,3,,0,5,0,310,2,800,9,1001.4,1020.2,39,11.7,-1.7,10,
2009-04-24,15:00,3,,0,5,0,320,3,800,9,1001.9,1020.8,39,11,-2.5,10,
2009-04-24,18:00,3,,1,5,0,340,2,800,6,1002.9,1022.1,53,8.8,-0.2,,
2009-04-24,21:00,3,,0,5,0,0,0,800,3,1003.9,1023.2,62,6.6,-0.1,,
2009-04-25,00:00,3,,,,,0,0,3000,,1004.4,1023.9,73,1.9,-2.5,,
2009-04-25,03:00,3,,1,0,0,0,0,3000,0,1004.7,1024.5,80,-0.3,-3,10,
2009-04-25,06:00,3,,6,0,0,230,1,3000,0,1004.9,1024,43,9.9,-2.2,10,
2009-04-25,09:00,3,,,0,5,260,2,3000,10,1004.1,1023,43,11.8,-0.2,10,
2009-04-25,12:00,3,,6,0,3,320,2,3000,3,1002,1020.7,33,14.8,-1.2,10,
2009-04-25,15:00,3,,0,5,3,300,2,800,5,1000.5,1019.2,37,14.3,0,10,
2009-04-25,18:00,3,,,5,,290,2,800,10,1000.8,1019.6,50,12.5,2.5,,
2009-04-25,21:00,3,,0,5,0,260,1,800,8,1000.6,1019.4,56,11.3,2.9,,
2009-04-26,00:00,3,,,,,250,1,3000,,1001,1020.1,64,8.1,1.7,,
2009-04-26,03:00,3,,,,,0,0,3000,,1002,1021.2,67,6.2,0.6,10,
2009-04-26,06:00,3,,9,0,3,340,1,3000,3,1002.9,1021.8,56,12.7,4.1,10,
2009-04-26,09:00,3,,,,,270,1,3000,,1002.4,1020.8,48,17.4,6.2,10,
2009-04-26,12:00,3,,,,,270,2,3000,,1001,1019.3,43,20.4,7.4,10,
2009-04-26,15:00,3,,,,,270,3,3000,,999.5,1017.8,40,20,5.9,10,
2009-04-26,18:00,3,,,,,260,1,3000,,999.8,1018.4,48,15.1,4.1,,
2009-04-26,21:00,3,,,,,0,0,3000,,999.9,1018.7,56,12,3.4,,
2009-04-27,00:00,3,,,,,260,1,3000,,999.8,1018.4,48,15.1,4.1,,
2009-04-27,03:00,3,,,,,0,0,3000,,999.9,1018.7,56,12,3.4,,
2009-04-27,06:00,3,,1,0,0,270,2,3000,0,1001.3,1019.8,48,16,5.1,10,
2009-04-27,09:00,3,,1,0,0,270,2,3000,0,1001.1,1019.4,40,20.6,6.5,10,
2009-04-27,12:00,3,,1,0,0,280,2,3000,0,1000.1,1018.2,32,22.6,5,10,
2009-04-27,15:00,3,,1,0,0,270,2,3000,0,999,1017.2,30,22,3.6,10,
2009-04-27,18:00,3,,1,0,0,250,1,3000,0,999.5,1017.9,45,17.1,5,,
2009-04-27,21:00,3,,,,,270,1,3000,,999.9,1018.4,48,15.7,4.6,,
2009-04-28,00:00,3,,,,,280,1,3000,,1000.4,1019.2,54,11.8,2.9,,
2009-04-28,03:00,3,,1,0,0,240,1,3000,0,1000.2,1019.1,63,10.6,3.8,10,
2009-04-28,06:00,3,,1,0,0,230,1,3000,0,1000.3,1018.8,45,16.4,4.5,10,
2009-04-28,09:00,3,,1,0,0,240,2,3000,0,999.5,1017.7,37,22,6.5,10,
2009-04-28,12:00,3,,1,0,0,250,3,3000,0,998,1016,31,23.2,5,10,
